UID,Age,Gender,Education,Country,HeardShoppingFraud,VictimOfFraud,SharedExperience,FraudExperience,PreQ1First,PreQ1DealInfo,PreQ1DealSeller,PreQ1Final,PreQ1OfferPrice,PreQ1DubiousSeller,PreQ1InadequateInfo,PreQ1AbsenceofReview,Other,PreQ2First,PreQ2DealInfo,PreQ2DealSeller,PreQ2Final,PreQ2OfferPrice,PreQ2DubiousSeller,PreQ2InadequateInfo,PreQ2AbsenceofReview,Other,PreQ3First,PreQ3Chat,PreQ3Final,PreQ3OfferPrice,PreQ3DubiousSeller,PreQ3ExternalPayment,PreQ3AbsenceofReview,Other,PreQ4First,PreQ4DealInfo,PreQ4DealSeller,PreQ4Final,PreQ4OfferPrice,PreQ4DubiousSeller,PreQ4InadequateInfo,PreQ4AbsenceofReview,Other,PostQ1First,PostQ1DealInfo,PostQ1DealSeller,PostQ1Final,PostQ1OfferPrice,PostQ1DubiousSeller,PostQ1InadequateInfo,PostQ1AbsenceofReview,Other,PostQ2First,PostQ2DealInfo,PostQ2DealSeller,PostQ2Final,PostQ2OfferPrice,PostQ2DubiousSeller,PostQ2InadequateInfo,PostQ2AbsenceofReview,Other,PostQ3First,PostQ3DealInfo,PostQ3DealSeller,PostQ3Final,PostQ3OfferPrice,PostQ3DubiousSeller,PostQ3InadequateInfo,PostQ3AbsenceofReview,Other,PostQ4Final,PostQ4OfferPrice,PostQ4DubiousSeller,PostQ4InadequateInfo,PostQ4ExternalPayment,Other,post_training,pre_training,Score,totalclicks,Start Date (UTC),Submit Date (UTC)
10pahdozbdiz1dmccx3gti10pahdowp5,35 - 50 Yrs,Female,Graduate,Singapore,1,0,,,Need more Info,Back to the question,,Fraud,Offer price too good to be true,,,Absence of seller or product review,,Fraud,,,,Offer price too good to be true,,Inadequate information for product,,,Fraud,,,,Dubious Seller Contact Information,Seller is asking for external payment,,,Fraud,,,,,,,,,Need more Info,Need more Info,Back to the question,Fraud,,,,,,Fraud,,,,Offer price too good to be true,,,Seller or product review,,Need more Info,Need more Info,Back to the question,Fraud,,,Inadequate information for product,Seller or product review,,Fraud,,,,Seller is asking for external payment,,8,7,0,5,28-03-22 0:33,28-03-22 0:40
3v0f6ttwiubh9jnf3v0f9p5s9g1m2o3a,35 - 50 Yrs,Male,Graduate,India,1,1,1,"4-5 years before I ordered some product after viewing add on Facebook, as there was no option for COD I made the payment online, unfortunately that product was never delivered, same this happened with my wife. We both were victim of Facebook advertisement.",Not Sure,,,,,,,,,Fraud,,,,Offer price too good to be true,,,,,Fraud,,,,,Seller is asking for external payment,,,Not Sure,,,,,,,,,Legitimate,,,,,,,,,Legitimate,,,,,,,,,Need more Info,Need more Info,Back to the question,Legitimate,,,,,,Legitimate,,,,,,1,4,0,2,27-03-22 1:18,27-03-22 1:32
yrssuax8c0i17r87sgjyrssuaidjyqcj,35 - 50 Yrs,Male,Graduate,India,1,0,,,Fraud,,,,,Dubious Seller Contact Information,Inadequate information for product,,,Fraud,,,,,,,Seller or product review,,More Info,Back to the question,Fraud,,Dubious Seller Contact Information,Seller is asking for external payment,,,Need More Info,Need more Info,Back to the question,Not Sure,,,,,,Need more Info,Need more Info,Back to the question,Fraud,,,,,,Need more info,Need more Info,Back to the question,Fraud,Offer price too good to be true,Dubious Seller Contact Information,,,,Need more Info,Need more Info,Back to the question,Fraud,,,,,,Fraud,,,,Seller is asking for external payment,,5,6,0,9,26-03-22 2:43,26-03-22 2:57
e2oz3reaxxt60oh5l3yrcrq6ue2oz3re,35 - 50 Yrs,Male,Graduate,United Arab Emirates,1,0,,,Fraud,,,,,,Inadequate information for product,,,Not Sure,,,,,,,,,More Info,Back to the question,Not Sure,,,,,,Legitimate,,,,,,,,,Need more Info,Back to the question,,Legitimate,,,,,,Need more info,Need more Info,Back to the question,Fraud,,,,Seller or product review,,Need more Info,Back to the question,,Fraud,,Dubious Seller Contact Information,,,,Not Sure,,,,,,4,3,0,5,25-03-22 14:25,25-03-22 14:34
wvrxcpa5mbofxc29ids2jfwvrxce80w9,35 - 50 Yrs,Male,Post Graduate,Singapore,1,0,,,Fraud,,,,Offer price too good to be true,,,,,Fraud,,,,Offer price too good to be true,Dubious Seller Contact Information,,,,Fraud,,,,,Seller is asking for external payment,,,Fraud,,,,,,,,,Not Sure,,,,,,,,,Fraud,,,,Offer price too good to be true,,,,,Fraud,,,,Offer price too good to be true,,,,,Fraud,,,,Seller is asking for external payment,,6,6,0,0,25-03-22 4:33,25-03-22 4:42
3vvtlo8xtd4gz4rok3vvts20umxetc9e,50 & above,Female,Post Graduate,Singapore,1,0,,,Fraud,,,,Offer price too good to be true,,,Absence of seller or product review,,Fraud,,,,,Dubious Seller Contact Information,,,,Fraud,,,,,Seller is asking for external payment,,,Legitimate,,,,,,,,,Fraud,,,,,,,,,Fraud,,,,Offer price too good to be true,,,,,Fraud,,,,,,,,no return no refund no nothing,Fraud,,,,Seller is asking for external payment,,5,7,0,0,25-03-22 2:26,25-03-22 2:34
dhckugtfl1v9jy6xzdhw0sqhe6k30i3z,35 - 50 Yrs,Male,Post Graduate,India,1,0,,,Not Sure,,,,,,,,,Legitimate,,,,,,,,,Fraud,,,,,Seller is asking for external payment,,,Not Sure,,,,,,,,,Fraud,,,,,,,,,Not Sure,,,,,,,,,Not Sure,,,,,,,,,Not Sure,,,,,,0,2,0,0,25-03-22 1:58,25-03-22 2:02
1f5brpv6jbc0vjpj61f51nr7pj3nzc4g,50 & above,Male,Post Graduate,Singapore,1,0,,,Need more Info,Back to the question,,Fraud,Offer price too good to be true,,,Absence of seller or product review,,Need more Info,Back to the question,,Fraud,Offer price too good to be true,Dubious Seller Contact Information,,,,More Info,Back to the question,Not Sure,,,,,,Need More Info,Need more Info,Back to the question,Not Sure,,,,,,Need more Info,Back to the question,,Legitimate,,,,,,Fraud,,,,Offer price too good to be true,,,Seller or product review,,Need more Info,Need more Info,Back to the question,Not Sure,,,,,,Fraud,,,Inadequate information for product,Seller is asking for external payment,,6,5,0,8,25-03-22 0:52,25-03-22 1:04
tyg78xa2azzc4w9jz62cwbtyg78xa2hd,18-25 Yrs,Male,Graduate,Singapore,1,0,,,Fraud,,,,Offer price too good to be true,,,,,Fraud,,,,Offer price too good to be true,,,,,Legitimate,,,,,,,,Need More Info,Back to the question,,Legitimate,,,,,,Need more Info,Back to the question,,Legitimate,,,,,,Fraud,,,,Offer price too good to be true,,,,,Fraud,,,,Offer price too good to be true,,Inadequate information for product,,,Fraud,,,,Seller is asking for external payment,,8,5,0,2,24-03-22 18:08,24-03-22 18:17
4yrd8r8epw6x0dah4yrd89p5hd6pi6nl,25 - 35 Yrs,Male,Diploma,Singapore,1,0,,,Fraud,,,,Offer price too good to be true,,,Absence of seller or product review,,Need more Info,Back to the question,,Legitimate,,,,,,Fraud,,,,Dubious Seller Contact Information,Seller is asking for external payment,,,Legitimate,,,,,,,,,Need more Info,Back to the question,,Legitimate,,,,,,Need more info,Back to the question,,Fraud,Offer price too good to be true,,,Seller or product review,,Need more Info,Back to the question,,Legitimate,,,,,,Fraud,,,,Seller is asking for external payment,,6,6,0,4,24-03-22 16:06,24-03-22 16:13
w4tyuz48xqaggde29siw4tyuws0gjkev,35 - 50 Yrs,Male,Graduate,Singapore,1,0,,,Need more Info,Back to the question,,Fraud,Offer price too good to be true,,Inadequate information for product,,,Need more Info,Back to the question,,Fraud,Offer price too good to be true,Dubious Seller Contact Information,,,,Fraud,,,,,Seller is asking for external payment,,,Fraud,,,,,,,,,Fraud,,,,,,,,,Fraud,,,,Offer price too good to be true,Dubious Seller Contact Information,,,,Fraud,,,,Offer price too good to be true,Dubious Seller Contact Information,,,,Fraud,,,,Seller is asking for external payment,,6,7,0,2,24-03-22 15:22,24-03-22 15:31
mfj6vsswyxejts47zkmfj6vssgmka011,35 - 50 Yrs,Male,Graduate,Spain,1,1,1,Crypto pyramid scheme,Legitimate,,,,,,,,,Not Sure,,,,,,,,,Fraud,,,,,Seller is asking for external payment,,,Legitimate,,,,,,,,,Fraud,,,,,,,,,Legitimate,,,,,,,,,Not Sure,,,,,,,,,Fraud,,Dubious Seller Contact Information,,Seller is asking for external payment,,2,3,0,0,24-03-22 13:32,24-03-22 13:39
7vz5xmcp4cvc8dml3tix7vz5xtgcb6cw,50 & above,Female,Post Graduate,Singapore,1,0,,,Need more Info,Need more Info,Back to the question,Fraud,Offer price too good to be true,,Inadequate information for product,,,Fraud,,,,Offer price too good to be true,,,Seller or product review,,Fraud,,,,,Seller is asking for external payment,,,Need More Info,Need more Info,Back to the question,Legitimate,,,,,,Need more Info,Need more Info,Back to the question,Legitimate,,,,,,Fraud,,,,Offer price too good to be true,,,Seller or product review,,Fraud,,,,Offer price too good to be true,,,Seller or product review,,Fraud,,Dubious Seller Contact Information,,Seller is asking for external payment,,9,9,0,6,24-03-22 12:58,24-03-22 13:03
uxstu2cp0i9c2zz88p5fjouxstu2s3de,35 - 50 Yrs,Female,Post Graduate,Singapore,1,1,1,"Got a cheap bed-sheet from Facebook Marketplace, I paid 70$ for it. I did not receive the bed-sheet that was advertised.",Fraud,,,,Offer price too good to be true,,,,,Legitimate,,,,,,,,,Fraud,,,,,Seller is asking for external payment,,,Legitimate,,,,,,,,,Need more Info,Need more Info,Back to the question,Legitimate,,,,,,Fraud,,,,Offer price too good to be true,,,Seller or product review,,Fraud,,,,Offer price too good to be true,,,,,Fraud,,Dubious Seller Contact Information,,Seller is asking for external payment,,8,5,0,2,24-03-22 12:50,24-03-22 12:57
vobpsywlusthqgq6dpmvobpsywvbeg2z,25 - 35 Yrs,Female,Graduate,India,1,0,,,Fraud,,,,,Dubious Seller Contact Information,Inadequate information for product,,,Fraud,,,,Offer price too good to be true,,,Seller or product review,,Fraud,,,,,Seller is asking for external payment,,,Need More Info,Need more Info,Back to the question,Not Sure,,,,,,Need more Info,Need more Info,Back to the question,Not Sure,,,,,,Fraud,,,,Offer price too good to be true,,,Seller or product review,,Need more Info,Need more Info,Back to the question,Legitimate,,,,,,Fraud,,,,Seller is asking for external payment,,5,7,0,6,24-03-22 11:46,24-03-22 11:53
n7d3kdtlxvvh0oucql5hvytn7d3kdtl8,35 - 50 Yrs,Female,Post Graduate,India,0,0,,,Need more Info,Back to the question,,Fraud,Offer price too good to be true,,,Absence of seller or product review,,Need more Info,Need more Info,Back to the question,Not Sure,,,,,,Fraud,,,,,Seller is asking for external payment,,,Need More Info,Need more Info,Back to the question,Fraud,,,,,,Fraud,,,,,,,,,Fraud,,,,Offer price too good to be true,,,,,Fraud,,,,Offer price too good to be true,,,,,Fraud,,,,Seller is asking for external payment,,6,5,0,5,24-03-22 10:40,24-03-22 10:47
0agbwyp8e317l9r0agbwf5z7ah7ad805,18-25 Yrs,Female,Graduate,Singapore,1,0,,,Need more Info,Need more Info,Back to the question,Fraud,Offer price too good to be true,,Inadequate information for product,,,Need more Info,Need more Info,Back to the question,Not Sure,,,,,,More Info,Back to the question,Fraud,,,Seller is asking for external payment,,Asking for payment first when item is expensive.,Need More Info,Need more Info,Back to the question,Legitimate,,,,,,Need more Info,Need more Info,Back to the question,Legitimate,,,,,,Need more info,Need more Info,Back to the question,Fraud,Offer price too good to be true,,,Seller or product review,,Need more Info,Need more Info,Back to the question,Fraud,Offer price too good to be true,,Inadequate information for product,,,Fraud,,,,Seller is asking for external payment,,9,6,0,13,24-03-22 8:38,24-03-22 8:50
cbbjiaa34h3fm4xjkcbbjif7dauiamo0,25 - 35 Yrs,Male,Post Graduate,India,1,0,,,Fraud,,,,,,Inadequate information for product,,,Need more Info,Need more Info,Back to the question,Fraud,,,,,,Fraud,,,,,Seller is asking for external payment,,,Fraud,,,,,,,,,Fraud,,,,,,,,,Fraud,,,,,Dubious Seller Contact Information,,,,Fraud,,,,,,Inadequate information for product,,,Fraud,,,,Seller is asking for external payment,,5,5,0,2,24-03-22 8:11,24-03-22 8:21
paccfhu5jo7ioc0egipaccfhuorj7izg,35 - 50 Yrs,Male,Diploma,Australia,1,1,0,,Fraud,,,,,Dubious Seller Contact Information,,,,Fraud,,,,Offer price too good to be true,,Inadequate information for product,,,Fraud,,,,,Seller is asking for external payment,,,Need More Info,Need more Info,Back to the question,Fraud,,,,,,Need more Info,Need more Info,Back to the question,Legitimate,,,,,,Fraud,,,,Offer price too good to be true,,,Seller or product review,,Need more Info,Need more Info,Back to the question,Fraud,Offer price too good to be true,Dubious Seller Contact Information,,,,Fraud,,,,Seller is asking for external payment,,8,5,0,6,24-03-22 7:47,24-03-22 8:00
3sjjl5osw2cz9u082b83sjj9shixyznp,25 - 35 Yrs,Female,Graduate,Singapore,1,0,,,Need more Info,Need more Info,Back to the question,Fraud,,,Inadequate information for product,Absence of seller or product review,,Need more Info,Need more Info,Back to the question,Legitimate,,,,,,More Info,Back to the question,Fraud,,Dubious Seller Contact Information,Seller is asking for external payment,,,Need More Info,Need more Info,Back to the question,Fraud,,,,,,Need more Info,Need more Info,Back to the question,Fraud,,,,,,Fraud,,,,Offer price too good to be true,,,,,Not Sure,,,,,,,,,Legitimate,,,,,,2,5,0,9,24-03-22 7:49,24-03-22 7:54
u16zzyb57gm4sjg7u16z7jad4yseyust,35 - 50 Yrs,Male,Graduate,United Arab Emirates,1,0,,,Need more Info,Need more Info,Back to the question,Fraud,Offer price too good to be true,,,,,Fraud,,,,Offer price too good to be true,,,,,Fraud,,,,,Seller is asking for external payment,,,Not Sure,,,,,,,,,Need more Info,Need more Info,Back to the question,Legitimate,,,,,,Fraud,,,,Offer price too good to be true,,,Seller or product review,,Fraud,,,,Offer price too good to be true,,,,,Fraud,,,,Seller is asking for external payment,,8,6,0,4,24-03-22 7:44,24-03-22 7:53
tf1hytf8km03ziw9ybtf1h5hxqb1sppd,35 - 50 Yrs,Female,Graduate,Singapore,1,0,,,Fraud,,,,,,Inadequate information for product,Absence of seller or product review,,Need more Info,Need more Info,Back to the question,Fraud,Offer price too good to be true,,,Seller or product review,,Fraud,,,,,Seller is asking for external payment,,,Need More Info,Need more Info,Back to the question,Not Sure,,,,,,Need more Info,Need more Info,Back to the question,Legitimate,,,,,,Need more info,Back to the question,,Fraud,Offer price too good to be true,,,Seller or product review,,Fraud,,,,Offer price too good to be true,,,,,Fraud,,,,Seller is asking for external payment,,8,8,0,7,24-03-22 7:24,24-03-22 7:33
koiwb6trem0dgpy49b4uzkoiwczf58v5,18-25 Yrs,Female,Prefer not to answer,Singapore,1,0,,,Need more Info,Back to the question,,Fraud,Offer price too good to be true,,,Absence of seller or product review,,Legitimate,,,,,,,,,Fraud,,,,Dubious Seller Contact Information,Seller is asking for external payment,,,Legitimate,,,,,,,,,Need more Info,Back to the question,,Fraud,,,,,,Fraud,,,,Offer price too good to be true,,,Seller or product review,,Need more Info,Need more Info,Back to the question,Legitimate,,,,,,Fraud,,,,Seller is asking for external payment,,5,6,0,4,24-03-22 4:13,24-03-22 6:52
u8s2bl0536jc35678xd58u8s2bljvmm3,35 - 50 Yrs,Male,Post Graduate,United Kingdom,1,1,0,,Not Sure,,,,,,,,,Not Sure,,,,,,,,,Fraud,,,,,Seller is asking for external payment,,,Not Sure,,,,,,,,,Legitimate,,,,,,,,,Legitimate,,,,,,,,,Fraud,,,,Offer price too good to be true,,,,,Fraud,,,,Seller is asking for external payment,,5,2,0,0,24-03-22 6:27,24-03-22 6:32
pijbeu4e1qg2vcf0unr4w0lpijbeu4yd,35 - 50 Yrs,Male,Post Graduate,Singapore,1,0,,,Fraud,,,,,Dubious Seller Contact Information,Inadequate information for product,,,Need more Info,Need more Info,Back to the question,Legitimate,,,,,,Fraud,,,,Dubious Seller Contact Information,Seller is asking for external payment,,,Need More Info,Need more Info,Back to the question,Legitimate,,,,,,Legitimate,,,,,,,,,Legitimate,,,,,,,,,Legitimate,,,,,,,,,Fraud,,,Inadequate information for product,Seller is asking for external payment,,3,5,0,4,24-03-22 5:54,24-03-22 6:04
do5ovsaanbpi0l98r9do5ovspqaatf11,25 - 35 Yrs,Male,Post Graduate,India,1,0,,,Fraud,,,,,,,Absence of seller or product review,,Not Sure,,,,,,,,,Fraud,,,,,Seller is asking for external payment,,,Legitimate,,,,,,,,,Not Sure,,,,,,,,,Fraud,,,,,Dubious Seller Contact Information,Inadequate information for product,,,Fraud,,,,Offer price too good to be true,Dubious Seller Contact Information,,,,Fraud,,Dubious Seller Contact Information,,Seller is asking for external payment,,5,5,0,0,24-03-22 5:57,24-03-22 6:04
csqgm399apd4104csqgm391h279vj4zg,35 - 50 Yrs,Female,Graduate,Singapore,1,0,,,Fraud,,,,Offer price too good to be true,,,,,Fraud,,,,Offer price too good to be true,,,,,Fraud,,,,,Seller is asking for external payment,,,Legitimate,,,,,,,,,Fraud,,,,,,,,,Fraud,,,,Offer price too good to be true,,,Seller or product review,,Fraud,,,,Offer price too good to be true,,Inadequate information for product,,,Fraud,,,,Seller is asking for external payment,,8,7,0,0,24-03-22 5:32,24-03-22 5:41
4znptt63ct45fm3e1oh4znpt04yd7wjo,35 - 50 Yrs,Male,Graduate,Singapore,1,1,1,"The descriotions are vague, and too good ti be true. But still proceed to buy hoping its all good.",Need more Info,Back to the question,,Fraud,Offer price too good to be true,,,Absence of seller or product review,,Need more Info,Back to the question,,Legitimate,,,,,,More Info,Back to the question,Legitimate,,,,,,Need More Info,Need more Info,Back to the question,Legitimate,,,,,,Legitimate,,,,,,,,,Need more info,Back to the question,,Fraud,Offer price too good to be true,Dubious Seller Contact Information,,,,Need more Info,Back to the question,,Fraud,Offer price too good to be true,,Inadequate information for product,,,Fraud,,Dubious Seller Contact Information,,Seller is asking for external payment,,8,4,0,7,24-03-22 5:26,24-03-22 5:40
rnffe7neuwrterud1rnffe7oyrwqzq06,35 - 50 Yrs,Male,Doctorate,Singapore,1,1,1,phone call scam to get my SG FIN number etc,Not Sure,,,,,,,,,Need more Info,Back to the question,,Legitimate,,,,,,Not Sure,,,,,,,,Legitimate,,,,,,,,,Fraud,,,,,,,,,Fraud,,,,Offer price too good to be true,,,,,Fraud,,,,Offer price too good to be true,,,,,Legitimate,,,,,,4,1,0,1,24-03-22 5:21,24-03-22 5:25
gae4cvs55bjege85rq7lgae4cnlq8cl0,18-25 Yrs,Female,Diploma,Singapore,1,0,,,Need more Info,Need more Info,Back to the question,Fraud,Offer price too good to be true,,,,,Need more Info,Need more Info,Back to the question,Fraud,,Dubious Seller Contact Information,,,,Not Sure,,,,,,,,Need More Info,Need more Info,Back to the question,Legitimate,,,,,,Need more Info,Need more Info,Back to the question,Legitimate,,,,,,Need more info,Need more Info,Back to the question,Fraud,Offer price too good to be true,Dubious Seller Contact Information,,,,Need more Info,Need more Info,Back to the question,Legitimate,,,,,,Not Sure,,,,,,3,4,0,12,24-03-22 2:29,24-03-22 4:25
05ydx72qxw4vygqm05ydx758lvrm4sce,35 - 50 Yrs,Female,Graduate,Singapore,1,1,1,I was charged for an amazon purchase when I didn't make it.,Fraud,,,,Offer price too good to be true,,,Absence of seller or product review,,Need more Info,Need more Info,Back to the question,Not Sure,,,,,,More Info,Back to the question,Not Sure,,,,,,Need More Info,Need more Info,Back to the question,Fraud,,,,,,Need more Info,Need more Info,Back to the question,Legitimate,,,,,,Fraud,,,,Offer price too good to be true,,,Seller or product review,,Fraud,,,,Offer price too good to be true,,,,,Fraud,,,,Seller is asking for external payment,,8,3,0,7,24-03-22 4:13,24-03-22 4:22
jofbliqycycgm5tf03mjofovh984ab3y,35 - 50 Yrs,Male,Graduate,Singapore,1,1,1,Purchased a flight ticket online from the genuine website of the airline. Got a call later in the day from the airline claiming they needed my credit card details again to confirm the booking (and they had all my details already). This then resulted in purchase transaction attempts on my credit card from various high end shops in South America (I prevent these from going through).,Need more Info,Need more Info,Back to the question,Fraud,Offer price too good to be true,Dubious Seller Contact Information,,,,Not Sure,,,,,,,,,Fraud,,,,,Seller is asking for external payment,,Unprofessional language structure,Not Sure,,,,,,,,,Need more Info,Need more Info,Back to the question,Not Sure,,,,,,Need more info,Need more Info,Back to the question,Fraud,Offer price too good to be true,,,Seller or product review,,Not Sure,,,,,,,,,Fraud,,,,Seller is asking for external payment,The seller is trying to steer the conversation rather letting the buyer decide.,5,4,0,6,24-03-22 3:58,24-03-22 4:15
w6nlmnfsxtqncoyiqw6nl86sze35rf7d,18-25 Yrs,Male,Graduate,Singapore,1,1,0,,Fraud,,,,Offer price too good to be true,,,Absence of seller or product review,,Need more Info,Need more Info,Back to the question,Not Sure,,,,,,More Info,Back to the question,Fraud,,Dubious Seller Contact Information,Seller is asking for external payment,,,Need More Info,Need more Info,Back to the question,Legitimate,,,,,,Need more Info,Need more Info,Back to the question,Legitimate,,,,,,Fraud,,,,Offer price too good to be true,,,Seller or product review,,Fraud,,,,Offer price too good to be true,Dubious Seller Contact Information,,,,Legitimate,,,,,,6,6,0,7,24-03-22 3:39,24-03-22 3:47
aml0nknau03xz644rmaml0netqpan2ws,18-25 Yrs,Male,Graduate,Singapore,1,0,,,Need more Info,Back to the question,,Fraud,Offer price too good to be true,,,,,Need more Info,Need more Info,Back to the question,Not Sure,,,,,,More Info,Back to the question,Fraud,,,Seller is asking for external payment,,,Need More Info,Need more Info,Back to the question,Legitimate,,,,,,Need more Info,Need more Info,Back to the question,Legitimate,,,,,,Need more info,Back to the question,,Fraud,,,,Seller or product review,,Need more Info,Need more Info,Back to the question,Fraud,Offer price too good to be true,,,,,Fraud,,,,Seller is asking for external payment,,7,5,0,11,24-03-22 3:33,24-03-22 3:41
9sbwd7qqpo3imvj9sbw4a4iemx4dhi4x,25 - 35 Yrs,Female,Post Graduate,Singapore,1,1,1,"I bought apparels for my kids from FB marketplace, the delivered products were of inferior quality and the  seller deactivate his/her profile when I tried contacting him/her.",Need more Info,Need more Info,Back to the question,Fraud,Offer price too good to be true,,,Absence of seller or product review,,Fraud,,,,Offer price too good to be true,,Inadequate information for product,,,More Info,Back to the question,Fraud,,,Seller is asking for external payment,,,Legitimate,,,,,,,,,Need more Info,Need more Info,Back to the question,Legitimate,,,,,,Fraud,,,,Offer price too good to be true,,,Seller or product review,,Fraud,,,,Offer price too good to be true,,Inadequate information for product,,,Fraud,,,,Seller is asking for external payment,,9,8,0,5,24-03-22 3:17,24-03-22 3:24
huz7ko03fd015ub27rdbbmhuz7ko00et,25 - 35 Yrs,Female,Graduate,Singapore,1,0,,,Fraud,,,,Offer price too good to be true,,,,,Fraud,,,,Offer price too good to be true,,,,,Fraud,,,,,Seller is asking for external payment,,,Not Sure,,,,,,,,,Need more Info,Back to the question,,Legitimate,,,,,,Not Sure,,,,,,,,,Need more Info,Back to the question,,Fraud,,,Inadequate information for product,,,Fraud,,,,,,4,6,0,2,24-03-22 3:09,24-03-22 3:17
tnanh6n9w6rjn77tnanzv37zxlj0w3qs,35 - 50 Yrs,Male,Post Graduate,India,1,0,,,Fraud,,,,Offer price too good to be true,,,Absence of seller or product review,,Fraud,,,,Offer price too good to be true,Dubious Seller Contact Information,,,,Fraud,,,,,Seller is asking for external payment,,,Need More Info,Need more Info,Back to the question,Fraud,,,,,,Need more Info,Need more Info,Back to the question,Legitimate,,,,,,Need more info,Need more Info,Back to the question,Fraud,Offer price too good to be true,,,Seller or product review,,Need more Info,Need more Info,Back to the question,Fraud,Offer price too good to be true,,,,,Fraud,,,,Seller is asking for external payment,,8,7,0,8,24-03-22 2:41,24-03-22 3:05
s67pu7gtx97cc2lug1a6ms67pu7q8ou1,35 - 50 Yrs,Prefer not to answer,Prefer not to answer,Singapore,1,0,,,Need more Info,Need more Info,Back to the question,Fraud,Offer price too good to be true,,Inadequate information for product,,,Need more Info,Need more Info,Back to the question,Fraud,Offer price too good to be true,Dubious Seller Contact Information,,,,More Info,Back to the question,Fraud,,,Seller is asking for external payment,,,Need More Info,Need more Info,Back to the question,Fraud,,,,,,Need more Info,Back to the question,,Fraud,,,,,,Need more info,Need more Info,Back to the question,Fraud,Offer price too good to be true,Dubious Seller Contact Information,,,,Fraud,,,,Offer price too good to be true,,,Seller or product review,,Fraud,,,,Seller is asking for external payment,,7,7,0,10,24-03-22 2:46,24-03-22 2:58
gs8qkpukmausm977obgs8qiah86cqtr3,25 - 35 Yrs,Male,Post Graduate,Singapore,1,0,,,Fraud,,,,Offer price too good to be true,,Inadequate information for product,,,Fraud,,,,Offer price too good to be true,,Inadequate information for product,,,Not Sure,,,,,,,,Fraud,,,,,,,,,Fraud,,,,,,,,,Fraud,,,,,,Inadequate information for product,Seller or product review,,Fraud,,,,Offer price too good to be true,,,Seller or product review,,Fraud,,,,Seller is asking for external payment,,7,5,0,0,24-03-22 2:51,24-03-22 2:55
46dae06kta1kgk02v0aof146daek9hpn,25 - 35 Yrs,Male,Graduate,Singapore,1,0,,,Fraud,,,,Offer price too good to be true,,Inadequate information for product,,,Not Sure,,,,,,,,,Not Sure,,,,,,,,Need More Info,Need more Info,Back to the question,Legitimate,,,,,,Need more Info,Need more Info,Back to the question,Legitimate,,,,,,Need more info,Back to the question,,Fraud,,,Inadequate information for product,Seller or product review,,Need more Info,Need more Info,Back to the question,Fraud,Offer price too good to be true,,Inadequate information for product,,,Fraud,,,,Seller is asking for external payment,,8,4,0,7,24-03-22 2:36,24-03-22 2:43
4xjkgd8w752adflvyv4xjkgzjzl1ydl5,18-25 Yrs,Male,Prefer not to answer,Singapore,1,0,,,Fraud,,,,Offer price too good to be true,,,,,Need more Info,Need more Info,Back to the question,Fraud,Offer price too good to be true,Dubious Seller Contact Information,,,,More Info,Back to the question,Not Sure,,,,,,Legitimate,,,,,,,,,Need more Info,Need more Info,Back to the question,Legitimate,,,,,,Fraud,,,,Offer price too good to be true,,,Seller or product review,,Need more Info,Need more Info,Back to the question,Not Sure,,,,,,Fraud,,,,Seller is asking for external payment,,6,5,0,7,24-03-22 2:29,24-03-22 2:43
lb4vvc507eiqflb4vllar7b9ffzruhtc,25 - 35 Yrs,Male,Graduate,Singapore,1,0,,,Fraud,,,,Offer price too good to be true,,,Absence of seller or product review,,Need more Info,Back to the question,,Fraud,Offer price too good to be true,,,Seller or product review,,Fraud,,,,Dubious Seller Contact Information,Seller is asking for external payment,,,Not Sure,,,,,,,,,Need more Info,Back to the question,,Not Sure,,,,,,Need more info,Back to the question,,Fraud,Offer price too good to be true,,,Seller or product review,,Need more Info,Back to the question,,Fraud,Offer price too good to be true,,,,,Fraud,,,,Seller is asking for external payment,,7,8,0,4,24-03-22 2:27,24-03-22 2:35
rxong15ly4vgkpcfyqrxong15ngeewfo,35 - 50 Yrs,Male,Graduate,Singapore,1,0,,,Fraud,,,,Offer price too good to be true,,,Absence of seller or product review,,Need more Info,Need more Info,Back to the question,Fraud,Offer price too good to be true,Dubious Seller Contact Information,,,,More Info,Back to the question,Fraud,,,Seller is asking for external payment,,Payment asked before delivery,Need More Info,Need more Info,Back to the question,Not Sure,,,,,,Need more Info,Need more Info,Back to the question,Not Sure,,,,,,Fraud,,,,Offer price too good to be true,,,,,Need more Info,Need more Info,Back to the question,Fraud,Offer price too good to be true,Dubious Seller Contact Information,,,,Not Sure,,,,,,4,7,0,9,24-03-22 0:48,24-03-22 1:00
mvo81fqq2gueb3didnmvo813myaxc1pa,35 - 50 Yrs,Male,Graduate,Singapore,1,0,,,Fraud,,,,Offer price too good to be true,,,,,Fraud,,,,Offer price too good to be true,,,Seller or product review,,Fraud,,,,,Seller is asking for external payment,,,Need More Info,Need more Info,Back to the question,Not Sure,,,,,,Need more Info,Need more Info,Back to the question,Legitimate,,,,,,Fraud,,,,Offer price too good to be true,,,Seller or product review,,Fraud,,,,Offer price too good to be true,,Inadequate information for product,,,Fraud,,,,Seller is asking for external payment,,9,7,0,4,23-03-22 21:59,23-03-22 22:05
09zvcz72mahqn09zv24xl9w2ni3oaa21,35 - 50 Yrs,Male,Graduate,Singapore,1,0,,,Fraud,,,,Offer price too good to be true,,,Absence of seller or product review,,Fraud,,,,Offer price too good to be true,,Inadequate information for product,,,Fraud,,,,,Seller is asking for external payment,,,Fraud,,,,,,,,,Fraud,,,,,,,,,Fraud,,,,Offer price too good to be true,,,Seller or product review,,Fraud,,,,Offer price too good to be true,,Inadequate information for product,,,Fraud,,,,Seller is asking for external payment,,8,7,0,0,23-03-22 20:33,23-03-22 20:43
nqrvo85o7mjt8tfkbnznqrvo87mjmvog,35 - 50 Yrs,Male,Post Graduate,United States of America,1,1,1,Had a transaction on my credit card outside the state where I live,Fraud,,,,Offer price too good to be true,Dubious Seller Contact Information,,,,Fraud,,,,,,Inadequate information for product,Seller or product review,,Fraud,,,,,Seller is asking for external payment,,,Legitimate,,,,,,,,,Fraud,,,,,,,,,Fraud,,,,Offer price too good to be true,,,,,Fraud,,,,Offer price too good to be true,,,,,Fraud,,,,Seller is asking for external payment,,6,7,0,0,23-03-22 19:32,23-03-22 19:39
9hkosrhijgxa6ou9hkotz5r4cw902s2h,25 - 35 Yrs,Male,Graduate,India,1,0,,,Fraud,,,,,,,,,Not Sure,,,,,,,,,More Info,Back to the question,Fraud,,Dubious Seller Contact Information,,,,Legitimate,,,,,,,,,Legitimate,,,,,,,,,Fraud,,,,Offer price too good to be true,,,Seller or product review,,Legitimate,,,,,,,,,Fraud,,Dubious Seller Contact Information,,Seller is asking for external payment,,6,3,0,1,23-03-22 17:59,23-03-22 18:03
ezjzrzeijriyipjyezjl1nvec59zpi14,25 - 35 Yrs,Male,Graduate,India,1,0,,,Fraud,,,,,,Inadequate information for product,Absence of seller or product review,,Legitimate,,,,,,,,,Fraud,,,,Dubious Seller Contact Information,Seller is asking for external payment,,,Need More Info,Need more Info,Back to the question,Fraud,,,,,,Not Sure,,,,,,,,,Legitimate,,,,,,,,,Need more Info,Need more Info,Back to the question,Legitimate,,,,,,Fraud,,,Inadequate information for product,Seller is asking for external payment,,2,5,0,4,23-03-22 17:41,23-03-22 17:47
xd5uh3qovgngdm1twgxd5uhnvx3l3gbd,25 - 35 Yrs,Male,Prefer not to answer,India,1,0,,,Fraud,,,,,,Inadequate information for product,Absence of seller or product review,,Fraud,,,,,Dubious Seller Contact Information,,Seller or product review,,Fraud,,,,Dubious Seller Contact Information,Seller is asking for external payment,,,Need More Info,Back to the question,,Fraud,,,,,,Need more Info,Back to the question,,Legitimate,,,,,,Need more info,Back to the question,,Fraud,,,Inadequate information for product,Seller or product review,,Need more Info,Back to the question,,Fraud,Offer price too good to be true,,Inadequate information for product,,,Fraud,,Dubious Seller Contact Information,Inadequate information for product,,,7,7,0,4,23-03-22 17:29,23-03-22 17:44
mjsvz4em7gx5v9qzsaeq4mjsvz4elg2n,25 - 35 Yrs,Male,Graduate,India,1,0,,,Fraud,,,,Offer price too good to be true,,,Absence of seller or product review,,Not Sure,,,,,,,,,Fraud,,,,Dubious Seller Contact Information,Seller is asking for external payment,,,Not Sure,,,,,,,,,Legitimate,,,,,,,,,Need more info,Back to the question,,Fraud,Offer price too good to be true,Dubious Seller Contact Information,,,,Not Sure,,,,,,,,,Fraud,,Dubious Seller Contact Information,,Seller is asking for external payment,,5,5,0,1,23-03-22 17:22,23-03-22 17:29
fawt7myijthsd9lb1vbfawpq4y5fdavu,35 - 50 Yrs,Male,Graduate,Australia,1,0,,,Need more Info,Need more Info,Back to the question,Fraud,Offer price too good to be true,,,Absence of seller or product review,,Need more Info,Back to the question,,Fraud,Offer price too good to be true,,,Seller or product review,,Fraud,,,,Dubious Seller Contact Information,Seller is asking for external payment,,,Need More Info,Back to the question,,Fraud,,,,,,Need more Info,Need more Info,Back to the question,Legitimate,,,,,,Need more info,Need more Info,Back to the question,Fraud,Offer price too good to be true,Dubious Seller Contact Information,,,,Fraud,,,,Offer price too good to be true,,,Seller or product review,,Fraud,,Dubious Seller Contact Information,,Seller is asking for external payment,,8,8,0,8,23-03-22 17:10,23-03-22 17:20
8vu42tzpzwu4bzjkxk5xio3le8vu42tz,25 - 35 Yrs,Male,Graduate,India,0,0,,,Need more Info,Need more Info,Back to the question,Fraud,Offer price too good to be true,,,Absence of seller or product review,,Need more Info,Need more Info,Back to the question,Fraud,Offer price too good to be true,,Inadequate information for product,,,Fraud,,,Offer price too good to be true,,Seller is asking for external payment,,,Need More Info,Need more Info,Back to the question,Legitimate,,,,,,Fraud,,,,,,,,,Need more info,Need more Info,Back to the question,Fraud,,,,Seller or product review,,Need more Info,Need more Info,Back to the question,Not Sure,,,,,,Fraud,,,,Seller is asking for external payment,,4,8,0,10,23-03-22 17:01,23-03-22 17:12
1o1mqvidoyxaq82p71o1f68ovots602s,25 - 35 Yrs,Male,Graduate,India,1,1,1,"I bought some clothes for my 1 year daughter from some shopping site but after the payment is done, that site was not accessible at all.....",Fraud,,,,Offer price too good to be true,,,Absence of seller or product review,,Fraud,,,,Offer price too good to be true,,,,,Fraud,,,,,Seller is asking for external payment,,,Not Sure,,,,,,,,,Legitimate,,,,,,,,,Fraud,,,,Offer price too good to be true,,,,,Fraud,,,,Offer price too good to be true,,,,,,,,,,,5,7,0,0,23-03-22 17:00,23-03-22 17:06
q3jzvni5e6106pf0dfq3jzk6ptmwkwjl,25 - 35 Yrs,Female,Post Graduate,India,1,0,,,Not Sure,,,,,,,,,Fraud,,,,,Dubious Seller Contact Information,Inadequate information for product,,,Fraud,,,,,Seller is asking for external payment,,,Not Sure,,,,,,,,,Not Sure,,,,,,,,,Not Sure,,,,,,,,,Not Sure,,,,,,,,,Fraud,,Dubious Seller Contact Information,,Seller is asking for external payment,,2,3,0,0,23-03-22 16:46,23-03-22 16:49
ljqn65eu5puogswseuljqn68gzwycxgs,25 - 35 Yrs,Male,Graduate,India,1,0,,,Need more Info,Back to the question,,Fraud,,Dubious Seller Contact Information,,Absence of seller or product review,,Need more Info,Back to the question,,Legitimate,,,,,,Legitimate,,,,,,,,Not Sure,,,,,,,,,Legitimate,,,,,,,,,Fraud,,,,,Dubious Seller Contact Information,,Seller or product review,,Fraud,,,,Offer price too good to be true,,,Seller or product review,,Fraud,,Dubious Seller Contact Information,,Seller is asking for external payment,,8,2,0,2,23-03-22 16:08,23-03-22 16:24
h5wfcn68lmqluyyjpwqch5wfcl52jias,35 - 50 Yrs,Male,Post Graduate,India,1,0,,,Fraud,,,,Offer price too good to be true,,Inadequate information for product,,,Need more Info,Need more Info,Back to the question,Not Sure,,,,,,Fraud,,,,Dubious Seller Contact Information,Seller is asking for external payment,,,Need More Info,Need more Info,Back to the question,Legitimate,,,,,,Need more Info,Need more Info,Back to the question,Fraud,,,,,,Need more info,Need more Info,Back to the question,Fraud,Offer price too good to be true,,,Seller or product review,,Need more Info,Need more Info,Back to the question,Fraud,,Dubious Seller Contact Information,Inadequate information for product,,,Fraud,,Dubious Seller Contact Information,,Seller is asking for external payment,,7,6,0,10,23-03-22 16:07,23-03-22 16:22
n7uwpqyxvncrd1h9jyz8n7uwpqy3eshg,35 - 50 Yrs,Male,Post Graduate,India,1,1,1,My credit card was recorded with some undesired transactions,Fraud,,,,,Dubious Seller Contact Information,,,,Fraud,,,,Offer price too good to be true,Dubious Seller Contact Information,,,,Not Sure,,,,,,,,Fraud,,,,,,,,,Legitimate,,,,,,,,,Fraud,,,,Offer price too good to be true,,,,,Legitimate,,,,,,,,,Not Sure,,,,,,3,3,0,0,23-03-22 15:10,23-03-22 16:14
j0rweuty15y8ws44ij0rwfx9asd146e1,35 - 50 Yrs,Male,Graduate,Democratic Republic of the Congo,1,0,,,Fraud,,,,Offer price too good to be true,,,,,Need more Info,Need more Info,Back to the question,Fraud,,,Inadequate information for product,,,More Info,Back to the question,Legitimate,,,,,,Need More Info,Back to the question,,Legitimate,,,,,,Fraud,,,,,,,,,Fraud,,,,Offer price too good to be true,,,,,Need more Info,Need more Info,Back to the question,Legitimate,,,,,,Fraud,,Dubious Seller Contact Information,,Seller is asking for external payment,,4,4,0,6,23-03-22 14:53,23-03-22 16:09
w65tlv79ts3gh2u6sw65tbnzfgjzzu6v,35 - 50 Yrs,Male,Post Graduate,India,1,0,,,Fraud,,,,Offer price too good to be true,,Inadequate information for product,,,Not Sure,,,,,,,,,Fraud,,,,,Seller is asking for external payment,,,Need More Info,Need more Info,Back to the question,Fraud,,,,,,Need more Info,Need more Info,Back to the question,Not Sure,,,,,,Fraud,,,,Offer price too good to be true,Dubious Seller Contact Information,,,,Fraud,,,,,,,,,Not Sure,,,,,,3,5,0,4,23-03-22 16:02,23-03-22 16:09
ohfb4ty52m5az9sohfb4ymz9uxczexzu,35 - 50 Yrs,Female,Doctorate,Denmark,1,0,,,Fraud,,,,Offer price too good to be true,,,Absence of seller or product review,,Fraud,,,,Offer price too good to be true,,,,,Fraud,,,,Dubious Seller Contact Information,Seller is asking for external payment,,,Fraud,,,,,,,,,Fraud,,,,,,,,,Need more info,Back to the question,,Fraud,Offer price too good to be true,,,,,Need more Info,Back to the question,,Fraud,,,Inadequate information for product,,,Fraud,Offer price too good to be true,,,,,5,7,0,2,23-03-22 16:02,23-03-22 16:06
ssefxt1hni0viaixussefxt1d44z24i6,35 - 50 Yrs,Male,Graduate,Singapore,1,0,,,Need more Info,Back to the question,,Fraud,Offer price too good to be true,,Inadequate information for product,,,Need more Info,Back to the question,,Fraud,,Dubious Seller Contact Information,Inadequate information for product,,,Fraud,,,,Dubious Seller Contact Information,Seller is asking for external payment,,,Need More Info,Need more Info,Back to the question,Fraud,,,,,,Need more Info,Need more Info,Back to the question,Fraud,,,,,,Need more info,Back to the question,,Fraud,Offer price too good to be true,,,Seller or product review,,Need more Info,Need more Info,Back to the question,Fraud,Offer price too good to be true,Dubious Seller Contact Information,,,,Fraud,,,,Seller is asking for external payment,,7,6,0,9,23-03-22 15:48,23-03-22 16:04
hqtpelpvj3arswhqtpelt8ji8kq2junf,25 - 35 Yrs,Male,Graduate,India,1,0,,,Fraud,,,,Offer price too good to be true,,,,,Fraud,,,,,,Inadequate information for product,,,Fraud,,,,,Seller is asking for external payment,,,Need More Info,Need more Info,Back to the question,Fraud,,,,,,Need more Info,Need more Info,Back to the question,Legitimate,,,,,,Need more info,Back to the question,,Fraud,,Dubious Seller Contact Information,,,,Need more Info,Need more Info,Back to the question,Fraud,,,,,,Fraud,,,,Seller is asking for external payment,,5,5,0,7,23-03-22 15:55,23-03-22 16:03
y5fyvvgkaqjd71w17ry5fyhk730se0cl,25 - 35 Yrs,Female,Post Graduate,India,1,0,,,Need more Info,Back to the question,,Fraud,,,,,,Legitimate,,,,,,,,,Fraud,,,,Dubious Seller Contact Information,Seller is asking for external payment,,,Legitimate,,,,,,,,,Legitimate,,,,,,,,,Legitimate,,,,,,,,,Fraud,,,,,,Inadequate information for product,,,Legitimate,,,,,,3,4,0,1,23-03-22 15:58,23-03-22 16:03
lpeardlrhonhtw93wjailpeardtewrmc,25 - 35 Yrs,Male,Post Graduate,India,1,0,,,Fraud,,,,Offer price too good to be true,,,Absence of seller or product review,,Need more Info,Need more Info,Back to the question,Fraud,,Dubious Seller Contact Information,,,,More Info,Back to the question,Fraud,,Dubious Seller Contact Information,Seller is asking for external payment,,,Need More Info,Need more Info,Back to the question,Fraud,,,,,,Need more Info,Need more Info,Back to the question,Fraud,,,,,,Fraud,,,,Offer price too good to be true,,,Seller or product review,,Need more Info,Back to the question,,Fraud,,Dubious Seller Contact Information,Inadequate information for product,,,Fraud,,Dubious Seller Contact Information,,Seller is asking for external payment,,7,6,0,8,23-03-22 15:33,23-03-22 15:54
lkf7d5tb7x8rdev8f9mlkf7d5tbh8zxc,18-25 Yrs,Female,Graduate,India,1,0,,,Fraud,,,,Offer price too good to be true,Dubious Seller Contact Information,,,,Fraud,,,,,Dubious Seller Contact Information,Inadequate information for product,,,Fraud,,,,Dubious Seller Contact Information,Seller is asking for external payment,,,Fraud,,,,,,,,,Fraud,,,,,,,,,Fraud,,,,,Dubious Seller Contact Information,,Seller or product review,,Fraud,,,,Offer price too good to be true,Dubious Seller Contact Information,,,,Fraud,,Dubious Seller Contact Information,,Seller is asking for external payment,,6,5,0,0,23-03-22 15:46,23-03-22 15:54
x91lznogdyddd4bnhwx91lzngmcgvikf,25 - 35 Yrs,Female,Graduate,India,1,0,,,Fraud,,,,,Dubious Seller Contact Information,Inadequate information for product,,,Fraud,,,,,Dubious Seller Contact Information,Inadequate information for product,,,Fraud,,,,,,Seller or product review,,Not Sure,,,,,,,,,Not Sure,,,,,,,,,Not Sure,,,,,,,,,Fraud,,,,,Dubious Seller Contact Information,,,,Fraud,Offer price too good to be true,,,,,2,4,0,0,23-03-22 15:50,23-03-22 15:53
v6rk24wowd1465kav6rk24lczgf3b2zc,25 - 35 Yrs,Male,Post Graduate,India,1,0,,,Need more Info,Back to the question,,Fraud,Offer price too good to be true,,,,,Need more Info,Back to the question,,Not Sure,,,,,,Fraud,,,,Dubious Seller Contact Information,,,,Need More Info,Back to the question,,Legitimate,,,,,,Need more Info,Back to the question,,Not Sure,,,,,,Fraud,,,,Offer price too good to be true,,,Seller or product review,,Need more Info,Need more Info,Back to the question,Not Sure,,,,,,Fraud,,Dubious Seller Contact Information,,Seller is asking for external payment,,5,4,0,6,23-03-22 15:31,23-03-22 15:51
9os1iiechjnre6lo1sy9os1iiets26th,25 - 35 Yrs,Male,Graduate,Singapore,1,0,,,Fraud,,,,Offer price too good to be true,,,,,Need more Info,Need more Info,Back to the question,Fraud,Offer price too good to be true,Dubious Seller Contact Information,,,,Fraud,,,,,Seller is asking for external payment,,,Not Sure,,,,,,,,,Need more Info,Back to the question,,Legitimate,,,,,,Fraud,,,,Offer price too good to be true,,,,,Fraud,,,,Offer price too good to be true,Dubious Seller Contact Information,,,,Fraud,,,,Seller is asking for external payment,,7,6,0,3,23-03-22 15:41,23-03-22 15:46
mzo4k0y0yjbaua2w2n0qbmzo4k7vphfy,25 - 35 Yrs,Male,Graduate,India,1,1,0,,Need more Info,Back to the question,,Fraud,,,Inadequate information for product,,,Need more Info,Back to the question,,Fraud,Offer price too good to be true,,,,,More Info,Back to the question,Fraud,,Dubious Seller Contact Information,,,,Need More Info,Back to the question,,Not Sure,,,,,,Need more Info,Back to the question,,Fraud,,,,,,Fraud,,,,,,,,,Fraud,,,,Offer price too good to be true,,,,,Fraud,,,,Seller is asking for external payment,,5,5,0,5,23-03-22 15:37,23-03-22 15:44
xz4kip36x1aq0hrdxz4kiwe9iqfimlew,35 - 50 Yrs,Male,Post Graduate,India,1,0,,,Need more Info,Need more Info,Back to the question,Fraud,Offer price too good to be true,,Inadequate information for product,,,Fraud,,,,,Dubious Seller Contact Information,Inadequate information for product,,,Fraud,,,,,Seller is asking for external payment,,,Not Sure,,,,,,,,,Need more Info,Back to the question,,Legitimate,,,,,,Legitimate,,,,,,,,,Need more Info,Back to the question,,Fraud,,Dubious Seller Contact Information,Inadequate information for product,,,Fraud,,,,Seller is asking for external payment,,5,6,0,4,23-03-22 15:22,23-03-22 15:44
gktwjk451raufgty2eegktwjkqpbon27,35 - 50 Yrs,Male,Post Graduate,Sweden,1,1,1,Card used on a fradulent website which I realised after the use,Fraud,,,,Offer price too good to be true,,,,,Need more Info,Need more Info,Back to the question,Fraud,Offer price too good to be true,,,Seller or product review,,Fraud,,,,Dubious Seller Contact Information,Seller is asking for external payment,,,Need More Info,Need more Info,Back to the question,Legitimate,,,,,,Fraud,,,,,,,,,Need more info,Back to the question,,Fraud,Offer price too good to be true,,,Seller or product review,,Need more Info,Need more Info,Back to the question,Fraud,Offer price too good to be true,,,Seller or product review,,Fraud,,,,Seller is asking for external payment,,8,8,0,7,23-03-22 15:35,23-03-22 15:42
ra1n3shkkf27a1z7lxppra1n3shky4t5,25 - 35 Yrs,Male,Post Graduate,Singapore,1,0,,,Fraud,,,,Offer price too good to be true,,,,,Need more Info,Need more Info,Back to the question,Fraud,Offer price too good to be true,,,,,More Info,Back to the question,Fraud,,,Seller is asking for external payment,,,Need More Info,Need more Info,Back to the question,Fraud,,,,,,Need more Info,Need more Info,Back to the question,Legitimate,,,,,,Need more info,Need more Info,Back to the question,Fraud,,Dubious Seller Contact Information,,,,Need more Info,Need more Info,Back to the question,Legitimate,,,,,,Fraud,,Dubious Seller Contact Information,,Seller is asking for external payment,,4,6,0,11,23-03-22 15:27,23-03-22 15:37
v75ucg6oj726a38gv75ucttbz577telo,25 - 35 Yrs,Female,Post Graduate,India,1,0,,,Need more Info,Need more Info,Back to the question,Not Sure,,,,,,Need more Info,Need more Info,Back to the question,Legitimate,,,,,,Fraud,,,,Dubious Seller Contact Information,Seller is asking for external payment,,,Need More Info,Need more Info,Back to the question,Legitimate,,,,,,Need more Info,Back to the question,,Legitimate,,,,,,Legitimate,,,,,,,,,Fraud,,,,Offer price too good to be true,,Inadequate information for product,,,Fraud,,Dubious Seller Contact Information,,Seller is asking for external payment,,6,3,0,7,23-03-22 15:27,23-03-22 15:35
yuhbaawec9hex1ifh0syuhbaaomx2agb,25 - 35 Yrs,Male,Graduate,India,1,0,,,Fraud,,,,Offer price too good to be true,Dubious Seller Contact Information,,,,Fraud,,,,,,,Seller or product review,,Fraud,,,,,Seller is asking for external payment,,,Need More Info,Back to the question,,Legitimate,,,,,,Need more Info,Need more Info,Back to the question,Legitimate,,,,,,Need more info,Need more Info,Back to the question,Fraud,,Dubious Seller Contact Information,,Seller or product review,,Need more Info,Need more Info,Back to the question,Not Sure,,,,,,Not Sure,,,,,,3,7,0,7,23-03-22 15:21,23-03-22 15:30
38chfkvdunccbla38cacbmrg90629z18,25 - 35 Yrs,Male,Graduate,Singapore,1,0,,,Fraud,,,,Offer price too good to be true,,,Absence of seller or product review,,Need more Info,Need more Info,Back to the question,Not Sure,,,,,,Fraud,,,Offer price too good to be true,,Seller is asking for external payment,,,Need More Info,Need more Info,Back to the question,Not Sure,,,,,,Fraud,,,,,,,,,Fraud,,,,Offer price too good to be true,,,Seller or product review,,Need more Info,Need more Info,Back to the question,Not Sure,,,,,,Fraud,,,,Seller is asking for external payment,,5,5,0,6,23-03-22 15:15,23-03-22 15:26
ey4l3skfxii3cgsucig7ey4l3sko71vr,25 - 35 Yrs,Female,Post Graduate,India,1,0,,,Fraud,,,,Offer price too good to be true,,,,,Need more Info,Need more Info,Back to the question,Fraud,,Dubious Seller Contact Information,,,,Fraud,,,,,Seller is asking for external payment,,,Not Sure,,,,,,,,,Fraud,,,,,,,,,Fraud,,,,,,,Seller or product review,,Fraud,,,,,Dubious Seller Contact Information,,,,Fraud,,,,Seller is asking for external payment,,5,5,0,2,23-03-22 15:07,23-03-22 15:18
s9xa9fnhjhmpuo1vds9xa97ichhtnqn2,25 - 35 Yrs,Male,Graduate,India,1,0,,,Fraud,,,,Offer price too good to be true,,,,,Need more Info,Need more Info,Back to the question,Fraud,Offer price too good to be true,,,,,Fraud,,,,,Seller is asking for external payment,,,Not Sure,,,,,,,,,Fraud,,,,,,,,,Fraud,,,,,Dubious Seller Contact Information,,,,Fraud,,,,Offer price too good to be true,,,,,Fraud,,,,Seller is asking for external payment,,5,6,0,2,23-03-22 15:08,23-03-22 15:16
0aul7dbceo7f3pmoesxzy0aul7fg8uc2,35 - 50 Yrs,Male,Post Graduate,Singapore,1,1,0,,Legitimate,,,,,,,,,Fraud,,,,,Dubious Seller Contact Information,,,,Not Sure,,,,,,,,Fraud,,,,,,,,,Not Sure,,,,,,,,,Fraud,,,,,Dubious Seller Contact Information,,,,Fraud,,,,,Dubious Seller Contact Information,,,,Fraud,,,,Seller is asking for external payment,,4,1,0,0,23-03-22 15:02,23-03-22 15:05
0l1dblpas04jfr10l1dblp52piq90g6v,50 & above,Male,Graduate,United Kingdom,1,0,,,Fraud,,,,Offer price too good to be true,,,Absence of seller or product review,,Need more Info,Need more Info,Back to the question,Fraud,Offer price too good to be true,Dubious Seller Contact Information,,,,Fraud,,,,,Seller is asking for external payment,,,Not Sure,,,,,,,,,Need more Info,Need more Info,Back to the question,Legitimate,,,,,,Fraud,,,,Offer price too good to be true,,,Seller or product review,,Need more Info,Need more Info,Back to the question,Fraud,,Dubious Seller Contact Information,Inadequate information for product,,,Fraud,,,,Seller is asking for external payment,,8,7,0,6,23-03-22 14:57,23-03-22 15:05
6eer5couyq6nts60izs46eer52pi5aqo,35 - 50 Yrs,Male,Graduate,India,1,0,,,Need more Info,Need more Info,Back to the question,Fraud,,Dubious Seller Contact Information,,Absence of seller or product review,,Fraud,,,,Offer price too good to be true,,,,,Fraud,,,,,Seller is asking for external payment,,,Not Sure,,,,,,,,,Not Sure,,,,,,,,,Legitimate,,,,,,,,,Need more Info,Need more Info,Back to the question,Fraud,,,Inadequate information for product,,,Not Sure,,,,,,2,6,0,4,23-03-22 14:22,23-03-22 15:02
xxcksacngcwxaokr5y6gvxxcksacyi69,25 - 35 Yrs,Female,Graduate,India,1,0,,,Fraud,,,,,,Inadequate information for product,Absence of seller or product review,,Fraud,,,,,,Inadequate information for product,Seller or product review,,Fraud,,,,Dubious Seller Contact Information,Seller is asking for external payment,,,Legitimate,,,,,,,,,Legitimate,,,,,,,,,Legitimate,,,,,,,,,Legitimate,,,,,,,,,Fraud,,,Inadequate information for product,Seller is asking for external payment,,3,8,0,0,23-03-22 14:50,23-03-22 14:54
x0ha3abytlxhhycrnluf3tnx0ha3abyt,35 - 50 Yrs,Male,Graduate,India,1,1,0,,Fraud,,,,Offer price too good to be true,,,Absence of seller or product review,,Not Sure,,,,,,,,,More Info,Back to the question,Not Sure,,,,,,Legitimate,,,,,,,,,Legitimate,,,,,,,,,Fraud,,,,Offer price too good to be true,Dubious Seller Contact Information,,,,Legitimate,,,,,,,,,Not Sure,,,,,,3,4,0,1,23-03-22 14:46,23-03-22 14:52
3h2yp2ik9hqs0rcpraxh3h2yp2rq919f,25 - 35 Yrs,Male,Post Graduate,Pakistan,1,1,1,"Bought some plants online, the committed and delivered products were different.",Need more Info,Need more Info,Back to the question,Fraud,Offer price too good to be true,,,,,Fraud,,,,,,,,cheap selling - selection of words is fishy,More Info,Back to the question,Fraud,,,Seller is asking for external payment,,,Legitimate,,,,,,,,,Need more Info,Need more Info,Back to the question,Legitimate,,,,,,Fraud,,,,Offer price too good to be true,,,,,Need more Info,Need more Info,Back to the question,Legitimate,,,,,,Fraud,,,,Seller is asking for external payment,,5,6,0,7,23-03-22 14:41,23-03-22 14:51
qqxmbvsxc7yym0u87z3h3qqxmnmovn5t,35 - 50 Yrs,Male,Graduate,India,1,0,,,Fraud,,,,Offer price too good to be true,,,,,Not Sure,,,,,,,,,Fraud,,,,,Seller is asking for external payment,,,Legitimate,,,,,,,,,Legitimate,,,,,,,,,Fraud,,,,,Dubious Seller Contact Information,,,,Not Sure,,,,,,,,,Not Sure,,,,,,2,5,0,0,23-03-22 14:37,23-03-22 14:43
4rasm50ffq0ohxeb4rasm50vm2l1jar4,35 - 50 Yrs,Male,Graduate,India,1,0,,,Fraud,,,,Offer price too good to be true,,,,,Need more Info,Need more Info,Back to the question,Fraud,,Dubious Seller Contact Information,,,,Fraud,,,,,Seller is asking for external payment,,,Fraud,,,,,,,,,Legitimate,,,,,,,,,Need more info,Back to the question,,Fraud,Offer price too good to be true,,,Seller or product review,,Fraud,,,,Offer price too good to be true,,,,,Fraud,,,,Seller is asking for external payment,,8,5,0,3,23-03-22 14:32,23-03-22 14:42
nl9fcg0vyhx2da9bofcnl9f4jvmdeaj1,25 - 35 Yrs,Male,Graduate,India,1,0,,,Need more Info,Need more Info,Back to the question,Fraud,Offer price too good to be true,Dubious Seller Contact Information,,,,Need more Info,Need more Info,Back to the question,Fraud,,,Inadequate information for product,Seller or product review,,Fraud,,,,,Seller is asking for external payment,,,Need More Info,Need more Info,Back to the question,Fraud,,,,,,Need more Info,Need more Info,Back to the question,Legitimate,,,,,,Fraud,,,,Offer price too good to be true,,,,,Need more Info,Back to the question,,Fraud,,,,,Seller not offering return/refund,Fraud,,,,Seller is asking for external payment,,6,6,0,9,23-03-22 14:23,23-03-22 14:41
p0vowpufz78oc298evvap8psp0vowpv8,35 - 50 Yrs,Male,Graduate,Singapore,1,1,1,It was a fake online shop impersonating a seller from Canada whom I have place my online order with,Need more Info,Back to the question,,Fraud,Offer price too good to be true,,Inadequate information for product,,,Need more Info,Back to the question,,Fraud,Offer price too good to be true,,Inadequate information for product,,,Fraud,,,,,Seller is asking for external payment,,,Need More Info,Back to the question,,Legitimate,,,,,,Legitimate,,,,,,,,,Fraud,,,,Offer price too good to be true,,,,,Fraud,,,,Offer price too good to be true,,,,,Fraud,,,,Seller is asking for external payment,,7,8,0,3,23-03-22 14:24,23-03-22 14:40
ewbsafon1qtxgglb8newbdtilpl6hiem,25 - 35 Yrs,Male,Graduate,India,1,0,,,Fraud,,,,Offer price too good to be true,,Inadequate information for product,,,Need more Info,Need more Info,Back to the question,Not Sure,,,,,,More Info,Back to the question,Legitimate,,,,,,Need More Info,Need more Info,Back to the question,Legitimate,,,,,,Need more Info,Back to the question,,Legitimate,,,,,,Fraud,,,,Offer price too good to be true,Dubious Seller Contact Information,,,,Need more Info,Need more Info,Back to the question,Legitimate,,,,,,Fraud,,,Inadequate information for product,Seller is asking for external payment,,5,4,0,8,23-03-22 14:28,23-03-22 14:36
9sepram27hyy87rcvh334k29sepra15a,25 - 35 Yrs,Male,Post Graduate,Singapore,1,0,,,Need more Info,Back to the question,,Not Sure,,,,,,Fraud,,,,,,,,,Not Sure,,,,,,,,Need More Info,Need more Info,Back to the question,Legitimate,,,,,,Need more Info,Need more Info,Back to the question,Legitimate,,,,,,Fraud,,,,Offer price too good to be true,,,,,Fraud,,,,Offer price too good to be true,,,,,Fraud,,,,Seller is asking for external payment,,7,2,0,5,23-03-22 14:27,23-03-22 14:36
08me2ih0igztfvuq6708me2ixx45h8n6,25 - 35 Yrs,Male,Graduate,India,1,0,,,Need more Info,Back to the question,,Fraud,Offer price too good to be true,,Inadequate information for product,,,Need more Info,Back to the question,,Fraud,Offer price too good to be true,,Inadequate information for product,,,Fraud,,,,Dubious Seller Contact Information,Seller is asking for external payment,,,Fraud,,,,,,,,,Fraud,,,,,,,,,Fraud,,,,,Dubious Seller Contact Information,,Seller or product review,,Fraud,,,,Offer price too good to be true,Dubious Seller Contact Information,,,,Fraud,,Dubious Seller Contact Information,,Seller is asking for external payment,,6,7,0,2,23-03-22 14:27,23-03-22 14:34
q3psi0oprlj66fq3pspdwsqffdtono8n,35 - 50 Yrs,Male,Graduate,United States of America,1,0,,,Fraud,,,,,,Inadequate information for product,,,Not Sure,,,,,,,,,Fraud,,,,Dubious Seller Contact Information,Seller is asking for external payment,,,Need More Info,Need more Info,Back to the question,Fraud,,,,,,Need more Info,Need more Info,Back to the question,Legitimate,,,,,,Legitimate,,,,,,,,,Need more Info,Need more Info,Back to the question,Fraud,,,Inadequate information for product,Seller or product review,,Fraud,,,,Seller is asking for external payment,,6,4,0,6,23-03-22 14:11,23-03-22 14:33
ml7kzoogi72mphb2fzml7kzosx7zffbg,25 - 35 Yrs,Male,Graduate,Singapore,1,0,,,Fraud,,,,Offer price too good to be true,,,,,Need more Info,Need more Info,Back to the question,Not Sure,,,,,,More Info,Back to the question,Not Sure,,,,,,Need More Info,Need more Info,Back to the question,Legitimate,,,,,,Fraud,,,,,,,,,Fraud,,,,Offer price too good to be true,,,,,Not Sure,,,,,,,,,Not Sure,,,,,,2,3,0,5,23-03-22 14:23,23-03-22 14:28
zxy6u1pgidnyrqdzxy6u7b7yrqxbxaib,35 - 50 Yrs,Male,Post Graduate,India,1,0,,,Fraud,,,,Offer price too good to be true,Dubious Seller Contact Information,,,,Need more Info,Back to the question,,Fraud,,Dubious Seller Contact Information,,Seller or product review,,Fraud,,,,Dubious Seller Contact Information,Seller is asking for external payment,,,Need More Info,Back to the question,,Not Sure,,,,,,Not Sure,,,,,,,,,Fraud,,,,Offer price too good to be true,,,Seller or product review,,Not Sure,,,,,,,,,Fraud,,Dubious Seller Contact Information,,Seller is asking for external payment,,5,6,0,2,23-03-22 14:16,23-03-22 14:23
7g1wn2p14882sa76cln7g1wn2x3udxj8,35 - 50 Yrs,Male,Graduate,India,1,0,,,Not Sure,,,,,,,,,Need more Info,Back to the question,,Legitimate,,,,,,Fraud,,,,,Seller is asking for external payment,,,Legitimate,,,,,,,,,Legitimate,,,,,,,,,Legitimate,,,,,,,,,Legitimate,,,,,,,,,Not Sure,,,,,,1,3,0,1,23-03-22 14:17,23-03-22 14:21
mzrig5jd5pvib2x60mamzrietmse6ccv,25 - 35 Yrs,Female,Graduate,Singapore,1,0,,,Fraud,,,,,Dubious Seller Contact Information,,Absence of seller or product review,,Not Sure,,,,,,,,,Fraud,,,,,Seller is asking for external payment,,,Legitimate,,,,,,,,,Legitimate,,,,,,,,,Fraud,,,,Offer price too good to be true,,,Seller or product review,,Need more Info,Back to the question,,Fraud,,Dubious Seller Contact Information,,,,Fraud,,,,Seller is asking for external payment,,7,5,0,1,23-03-22 14:09,23-03-22 14:16
qfs7e0e683gquhrhp2uqfs7e91947ecv,25 - 35 Yrs,Male,Post Graduate,India,1,0,,,Fraud,,,,Offer price too good to be true,,,,,Not Sure,,,,,,,,,Legitimate,,,,,,,,Legitimate,,,,,,,,,Fraud,,,,,,,,,Legitimate,,,,,,,,,Not Sure,,,,,,,,,Fraud,,Dubious Seller Contact Information,,Seller is asking for external payment,,2,3,0,0,23-03-22 14:05,23-03-22 14:13
6u2x1b6c0xuj059af6u2x65gd5m2xui8,25 - 35 Yrs,Male,Graduate,India,1,1,1,I saw and advertisement on instagram for some Article and paid online for it but didnt receive it ever. Therefore I would suggest to buy from trusted sellers only if payment is to be done online other choose COD.,Fraud,,,,Offer price too good to be true,,,Absence of seller or product review,,Need more Info,Need more Info,Back to the question,Not Sure,,,,,,More Info,Back to the question,Legitimate,,,,,,Not Sure,,,,,,,,,Need more Info,Back to the question,,Legitimate,,,,,,Need more info,Back to the question,,Fraud,Offer price too good to be true,,,Seller or product review,,Need more Info,Back to the question,,Fraud,,,,Seller or product review,,Fraud,,,,Seller is asking for external payment,,8,3,0,6,23-03-22 13:58,23-03-22 14:12
hcjrr975dlc49v9hc5nomuxb6h4airux,25 - 35 Yrs,Female,Post Graduate,Qatar,1,0,,,Need more Info,Back to the question,,Fraud,Offer price too good to be true,,,Absence of seller or product review,,Fraud,,,,,Dubious Seller Contact Information,Inadequate information for product,,,More Info,Back to the question,Legitimate,,,,,,Need More Info,Back to the question,,Fraud,,,,,,Fraud,,,,,,,,,Fraud,,,,Offer price too good to be true,,Inadequate information for product,,,Fraud,,,,Offer price too good to be true,,Inadequate information for product,,,Fraud,,Dubious Seller Contact Information,,Seller is asking for external payment,,7,4,0,3,23-03-22 13:46,23-03-22 14:03
5pb44v8aufe0cb95pb44valo3m72cslv,35 - 50 Yrs,Male,Graduate,India,1,0,,,Fraud,,,,Offer price too good to be true,,,,,Not Sure,,,,,,,,,Fraud,,,,,Seller is asking for external payment,,,Not Sure,,,,,,,,,Need more Info,Back to the question,,Legitimate,,,,,,Fraud,,,,,,Inadequate information for product,Seller or product review,,Fraud,,,,Offer price too good to be true,,Inadequate information for product,,,Fraud,,Dubious Seller Contact Information,,Seller is asking for external payment,,8,4,0,1,23-03-22 13:53,23-03-22 13:59
g49v5g8ulc1qjjw70tg49v5pdat1jhr6,35 - 50 Yrs,Female,Post Graduate,United States of America,1,0,,,Need more Info,Need more Info,Back to the question,Fraud,Offer price too good to be true,Dubious Seller Contact Information,,,,Not Sure,,,,,,,,,Fraud,,,,,Seller is asking for external payment,,,Need More Info,Back to the question,,Not Sure,,,,,,Need more Info,Back to the question,,Legitimate,,,,,,Need more info,Back to the question,,Fraud,Offer price too good to be true,,,Seller or product review,,Need more Info,Need more Info,Back to the question,Not Sure,,,,,,Fraud,,,,Seller is asking for external payment,,6,4,0,7,23-03-22 13:45,23-03-22 13:54
w2287q0j732axivadn7jnoeow2287q0j,18-25 Yrs,Male,Graduate,India,1,0,,,Fraud,,,,Offer price too good to be true,Dubious Seller Contact Information,,,,Not Sure,,,,,,,,,Fraud,,,,,Seller is asking for external payment,,,Fraud,,,,,,,,,Fraud,,,,,,,,,Fraud,,,,Offer price too good to be true,,,Seller or product review,,Need more Info,Need more Info,Back to the question,Legitimate,,,,,,Fraud,,Dubious Seller Contact Information,,Seller is asking for external payment,,5,4,0,2,23-03-22 13:42,23-03-22 13:50
b5j3u0kteposv9nzb5j3u07pl3gb825h,25 - 35 Yrs,Female,Post Graduate,India,1,1,0,,Need more Info,Back to the question,,Fraud,Offer price too good to be true,,,,,Need more Info,Need more Info,Back to the question,Fraud,,Dubious Seller Contact Information,,,,More Info,Back to the question,Legitimate,,,,,,Need More Info,Need more Info,Back to the question,Legitimate,,,,,,Need more Info,Need more Info,Back to the question,Legitimate,,,,,,Fraud,,,,Offer price too good to be true,,,,,Need more Info,Need more Info,Back to the question,Fraud,,,,Seller or product review,,Fraud,,,,Seller is asking for external payment,,7,4,0,10,23-03-22 13:42,23-03-22 13:50
i3k46co5sus6ygvxi3k48tuoklis9kpr,25 - 35 Yrs,Female,Post Graduate,India,1,0,,,Fraud,,,,,,Inadequate information for product,Absence of seller or product review,,Not Sure,,,,,,,,,Fraud,,,,,Seller is asking for external payment,,,Not Sure,,,,,,,,,Fraud,,,,,,,,,Fraud,,,,Offer price too good to be true,,,Seller or product review,,Fraud,,,,Offer price too good to be true,,Inadequate information for product,,,Fraud,,,,Seller is asking for external payment,,8,5,0,0,23-03-22 13:34,23-03-22 13:43
0ucwh9v4t91jp56893s0ucwhafr0i3td,35 - 50 Yrs,Male,Graduate,Singapore,1,0,,,Fraud,,,,Offer price too good to be true,,,,,Fraud,,,,Offer price too good to be true,Dubious Seller Contact Information,,,,Fraud,,,,,Seller is asking for external payment,,,Need More Info,Need more Info,Back to the question,Not Sure,,,,,,Need more Info,Need more Info,Back to the question,Legitimate,,,,,,Need more info,Back to the question,,Fraud,Offer price too good to be true,,,Seller or product review,,Need more Info,Need more Info,Back to the question,Fraud,Offer price too good to be true,,Inadequate information for product,,,Fraud,,Dubious Seller Contact Information,,Seller is asking for external payment,,9,6,0,7,23-03-22 13:35,23-03-22 13:42
or1jqnxrrkldwy7or1hi13fvrd98nf8p,35 - 50 Yrs,Female,Post Graduate,Singapore,1,0,,,Fraud,,,,Offer price too good to be true,,,Absence of seller or product review,,Need more Info,Back to the question,,Not Sure,,,,,,Fraud,,,Offer price too good to be true,,Seller is asking for external payment,,,Need More Info,Back to the question,,Fraud,,,,,,Need more Info,Back to the question,,Legitimate,,,,,,Fraud,,,,Offer price too good to be true,,,Seller or product review,,Need more Info,Back to the question,,Fraud,Offer price too good to be true,,Inadequate information for product,,,Legitimate,,,,,,7,5,0,4,23-03-22 13:27,23-03-22 13:38
xtbwlgo52cmmz1r1tmwxtbwlg8nkvroh,35 - 50 Yrs,Male,Post Graduate,India,1,0,,,Fraud,,,,Offer price too good to be true,,Inadequate information for product,,,Fraud,,,,,Dubious Seller Contact Information,,Seller or product review,,Fraud,,,,Dubious Seller Contact Information,Seller is asking for external payment,,,Need More Info,Need more Info,Back to the question,Not Sure,,,,,,Need more Info,Back to the question,,Legitimate,,,,,,Fraud,,,,Offer price too good to be true,,Inadequate information for product,,,Fraud,,,,Offer price too good to be true,,Inadequate information for product,,,Fraud,,,Inadequate information for product,Seller is asking for external payment,,8,7,0,3,23-03-22 13:30,23-03-22 13:37
sm1n2nlwjnmgvgr449di91sm1n2zmjyr,25 - 35 Yrs,Female,Doctorate,Singapore,1,0,,,Fraud,,,,Offer price too good to be true,Dubious Seller Contact Information,,,,Fraud,,,,Offer price too good to be true,Dubious Seller Contact Information,,,,Fraud,,,,Dubious Seller Contact Information,Seller is asking for external payment,,,Need More Info,Need more Info,Back to the question,Not Sure,,,,,,Need more Info,Need more Info,Back to the question,Fraud,,,,,,Fraud,,,,Offer price too good to be true,Dubious Seller Contact Information,,,,Fraud,,,,Offer price too good to be true,Dubious Seller Contact Information,,,,Fraud,,Dubious Seller Contact Information,,Seller is asking for external payment,,6,6,0,4,23-03-22 13:26,23-03-22 13:37
hos6t7zzfflm4afz1fg2hos6t776vo7p,25 - 35 Yrs,Female,Graduate,India,1,0,,,Fraud,,,,Offer price too good to be true,,,,,Fraud,,,,Offer price too good to be true,,,,,Legitimate,,,,,,,,Fraud,,,,,,,,,Legitimate,,,,,,,,,Fraud,,,,,,,Seller or product review,,Fraud,,,,Offer price too good to be true,,,,,Fraud,,,,Seller is asking for external payment,,7,4,0,0,23-03-22 13:29,23-03-22 13:35
7fgik5mvsrisa0zj8y7fgik5alb8lh3i,35 - 50 Yrs,Female,Graduate,India,1,0,,,Need more Info,Back to the question,,Fraud,Offer price too good to be true,,Inadequate information for product,,,Need more Info,Need more Info,Back to the question,Fraud,,Dubious Seller Contact Information,Inadequate information for product,,,Fraud,,,,,Seller is asking for external payment,,,Need More Info,Need more Info,Back to the question,Fraud,,,,,,Need more Info,Need more Info,Back to the question,Legitimate,,,,,,Fraud,,,,Offer price too good to be true,,,,,Need more Info,Need more Info,Back to the question,Legitimate,,,,,,Fraud,,,,Seller is asking for external payment,,5,6,0,9,23-03-22 13:22,23-03-22 13:34
8uzr8r77wgrx5u04nnu8uzr9843em3dj,35 - 50 Yrs,Male,Graduate,Singapore,1,0,,,Fraud,,,,Offer price too good to be true,Dubious Seller Contact Information,,,,Fraud,,,,Offer price too good to be true,Dubious Seller Contact Information,,,,Fraud,,,,Dubious Seller Contact Information,Seller is asking for external payment,,,Not Sure,,,,,,,,,Fraud,,,,,,,,,Fraud,,,,,,,,,Fraud,,,,Offer price too good to be true,,,Seller or product review,,Fraud,,,,Seller is asking for external payment,,6,6,0,0,23-03-22 13:23,23-03-22 13:31
5jcrxltblsuh56boic5jcrxltrezzjjq,25 - 35 Yrs,Male,Graduate,United Kingdom,1,0,,,Fraud,,,,Offer price too good to be true,,Inadequate information for product,,,Need more Info,Need more Info,Back to the question,Fraud,Offer price too good to be true,,,Seller or product review,,More Info,Back to the question,Not Sure,,,,,,Need More Info,Need more Info,Back to the question,Fraud,,,,,,Need more Info,Need more Info,Back to the question,Not Sure,,,,,,Fraud,,,,Offer price too good to be true,,,Seller or product review,,Fraud,,,,Offer price too good to be true,,Inadequate information for product,,,Fraud,,,,Seller is asking for external payment,,8,6,0,7,23-03-22 13:08,23-03-22 13:27
2y48li5ex4yyfp6ti2y48lre2hriio2w,25 - 35 Yrs,Male,Graduate,India,1,0,,,Fraud,,,,Offer price too good to be true,,,,,Not Sure,,,,,,,,,Fraud,,,,,Seller is asking for external payment,,,Legitimate,,,,,,,,,Legitimate,,,,,,,,,Legitimate,,,,,,,,,Legitimate,,,,,,,,,Fraud,Offer price too good to be true,Dubious Seller Contact Information,,,,2,5,0,0,23-03-22 13:24,23-03-22 13:27
7gzn2dr93tb8551f17gzoh2q4pj3gwvk,35 - 50 Yrs,Male,Graduate,Singapore,1,0,,,Fraud,,,,Offer price too good to be true,,,,,Fraud,,,,Offer price too good to be true,,Inadequate information for product,,,Fraud,,,,Dubious Seller Contact Information,Seller is asking for external payment,,,Legitimate,,,,,,,,,Need more Info,Back to the question,,Legitimate,,,,,,Need more info,Back to the question,,Fraud,Offer price too good to be true,,,Seller or product review,,Need more Info,Back to the question,,Fraud,Offer price too good to be true,,,Seller or product review,,Fraud,,,,Seller is asking for external payment,,9,7,0,3,23-03-22 13:09,23-03-22 13:27
vdq3nb6cgwcrllind0vdq3nt9dl03538,35 - 50 Yrs,Male,Graduate,Singapore,1,1,1,Amazone india all transaction details was fraud team have and they confirm us that they are calling from amazone. They propose some unbelievable discount for some electronic device. Initially I have paid but later credit card help to cancel the  transaction.,Fraud,,,,Offer price too good to be true,,,Absence of seller or product review,,Fraud,,,,Offer price too good to be true,,,,,Fraud,,,,,Seller is asking for external payment,,,Fraud,,,,,,,,,Need more Info,Need more Info,Back to the question,Legitimate,,,,,,Need more info,Need more Info,Back to the question,Fraud,Offer price too good to be true,,,Seller or product review,,Fraud,,,,Offer price too good to be true,,,,,Fraud,,,,Seller is asking for external payment,,8,7,0,4,23-03-22 13:16,23-03-22 13:27
2i93t5g1yz6g4wn6jg7e2i93to0zye3s,25 - 35 Yrs,Male,Post Graduate,India,1,0,,,Fraud,,,,Offer price too good to be true,,,,,Legitimate,,,,,,,,,Legitimate,,,,,,,,Legitimate,,,,,,,,,Legitimate,,,,,,,,,Legitimate,,,,,,,,,Legitimate,,,,,,,,,Legitimate,,,,,,1,3,0,0,23-03-22 13:23,23-03-22 13:26
zvi2thv0x3a9msh0smpe8izvi2jlxoyo,25 - 35 Yrs,Male,Graduate,India,1,0,,,Fraud,,,,,,Inadequate information for product,Absence of seller or product review,,Fraud,,,,Offer price too good to be true,,,Seller or product review,,Fraud,,,,Dubious Seller Contact Information,,,,Fraud,,,,,,,,,Fraud,,,,,,,,,Fraud,,,,,,,Seller or product review,,Fraud,,,,,,,,,Fraud,,,,,,4,7,0,0,23-03-22 13:20,23-03-22 13:26
71fslxndx8c8a0hds9hj71fslegpwmi2,25 - 35 Yrs,Female,Post Graduate,Singapore,1,0,,,Fraud,,,,Offer price too good to be true,,,Absence of seller or product review,,Fraud,,,,Offer price too good to be true,,,Seller or product review,,Fraud,,,,Dubious Seller Contact Information,Seller is asking for external payment,,,Need More Info,Need more Info,Back to the question,Legitimate,,,,,,Need more Info,Need more Info,Back to the question,Not Sure,,,,,,Fraud,,,,Offer price too good to be true,Dubious Seller Contact Information,,,,Fraud,,,,Offer price too good to be true,,,,,Not Sure,,,,,,4,9,0,4,23-03-22 13:20,23-03-22 13:25
9ofj55j6ih3hygn9of1qgik5y73m5i9k,25 - 35 Yrs,Male,Post Graduate,Singapore,1,0,,,Fraud,,,,,,Inadequate information for product,,,Legitimate,,,,,,,,,Not Sure,,,,,,,,Legitimate,,,,,,,,,Not Sure,,,,,,,,,Fraud,,,,Offer price too good to be true,,,,,Fraud,,,,,,,Seller or product review,,Legitimate,,,,,,4,3,0,0,23-03-22 13:18,23-03-22 13:22
3o1xj12f5q9uv2q38yq1zoz3o1xj12fa,35 - 50 Yrs,Male,Post Graduate,Singapore,1,0,,,Fraud,,,,Offer price too good to be true,,,,,Fraud,,,,Offer price too good to be true,,Inadequate information for product,,,Fraud,,,,,Seller is asking for external payment,,,Fraud,,,,,,,,,Need more Info,Need more Info,Back to the question,Legitimate,,,,,,Fraud,,,,Offer price too good to be true,,,Seller or product review,,Fraud,,,,Offer price too good to be true,,,,,Fraud,,,,Seller is asking for external payment,,8,6,0,2,23-03-22 13:07,23-03-22 13:17
qsk5kq58h48fnmb7oicqsk549c8yixu8,35 - 50 Yrs,Male,Diploma,Singapore,1,0,,,Fraud,,,,,,Inadequate information for product,,,Fraud,,,,,,,Seller or product review,,Fraud,,,,Dubious Seller Contact Information,Seller is asking for external payment,,,Legitimate,,,,,,,,,Legitimate,,,,,,,,,Legitimate,,,,,,,,,Need more Info,Need more Info,Back to the question,Not Sure,,,,,,Legitimate,,,,,,1,7,0,2,23-03-22 13:09,23-03-22 13:15
oplvlhp6otx22tbl80t16oplvlhpzglh,25 - 35 Yrs,Male,Graduate,Singapore,1,0,,,Fraud,,,,Offer price too good to be true,,,,,Need more Info,Need more Info,Back to the question,Legitimate,,,,,,Fraud,,,,,Seller is asking for external payment,,,Need More Info,Need more Info,Back to the question,Legitimate,,,,,,Need more Info,Need more Info,Back to the question,Legitimate,,,,,,Need more info,Back to the question,,Fraud,Offer price too good to be true,,,Seller or product review,,Need more Info,Need more Info,Back to the question,Fraud,Offer price too good to be true,,,,,Fraud,,,,Seller is asking for external payment,,8,5,0,9,23-03-22 12:19,23-03-22 13:01
kkkjpxo1niqq21bt0kkkjp0ceoqizm50,25 - 35 Yrs,Male,Graduate,Singapore,1,0,,,Need more Info,Need more Info,Back to the question,Fraud,Offer price too good to be true,,,Absence of seller or product review,,Need more Info,Need more Info,Back to the question,Legitimate,,,,,,Not Sure,,,,,,,,Need More Info,Back to the question,,Legitimate,,,,,,Need more Info,Need more Info,Back to the question,Legitimate,,,,,,Need more info,Need more Info,Back to the question,Fraud,Offer price too good to be true,,,Seller or product review,,Need more Info,Back to the question,,Legitimate,,,,,,Fraud,,,Inadequate information for product,Seller is asking for external payment,,6,4,0,10,23-03-22 12:19,23-03-22 12:28
l9iipoeqxfxvkax85vsyl9iipo9n5htl,35 - 50 Yrs,Prefer not to answer,Prefer not to answer,Singapore,1,0,,,Fraud,,,,Offer price too good to be true,,Inadequate information for product,,,Need more Info,Need more Info,Back to the question,Not Sure,,,,,,Fraud,,,,,Seller is asking for external payment,,,Legitimate,,,,,,,,,Need more Info,Back to the question,,Legitimate,,,,,,Legitimate,,,,,,,,,Fraud,,,,Offer price too good to be true,,Inadequate information for product,,,Fraud,,Dubious Seller Contact Information,,Seller is asking for external payment,,6,6,0,3,23-03-22 11:54,23-03-22 11:59
lijbetye1qg2vcf0unr4w0lpijbeu4yd,35 - 50 Yrs,Male,Post Graduate,India,1,0,,,Not Sure,,,,,,,,,Legitimate,,,,,,,,,Fraud,,,,,Seller is asking for external payment,,,Not Sure,,,,,,,,,Fraud,,,,,,,,,Not Sure,,,,,,,,,Not Sure,,,,,,,,,Not Sure,,,,,,0,2,0,0,25-05-22 1:58,25-05-22 2:02
kkkovsaanbpi0l98r9do5ovspqaatf11,50 & above,Male,Post Graduate,Singapore,1,0,,,Need more Info,Back to the question,,Fraud,Offer price too good to be true,,,Absence of seller or product review,,Need more Info,Back to the question,,Fraud,Offer price too good to be true,Dubious Seller Contact Information,,,,More Info,Back to the question,Not Sure,,,,,,Need More Info,Need more Info,Back to the question,Not Sure,,,,,,Need more Info,Back to the question,,Legitimate,,,,,,Fraud,,,,Offer price too good to be true,,,Seller or product review,,Need more Info,Need more Info,Back to the question,Not Sure,,,,,,Fraud,,,Inadequate information for product,Seller is asking for external payment,,6,5,0,8,25-05-22 0:52,25-05-22 1:04
lutgm399apd4104csqgm391h279vj4zg,18-25 Yrs,Male,Graduate,Singapore,1,0,,,Fraud,,,,Offer price too good to be true,,,,,Fraud,,,,Offer price too good to be true,,,,,Legitimate,,,,,,,,Need More Info,Back to the question,,Legitimate,,,,,,Need more Info,Back to the question,,Legitimate,,,,,,Fraud,,,,Offer price too good to be true,,,,,Fraud,,,,Offer price too good to be true,,Inadequate information for product,,,Fraud,,,,Seller is asking for external payment,,8,5,0,2,24-05-22 18:08,24-05-22 18:17
4pinptt63ct45fm3e1oh4znpt04yd7wjo,25 - 35 Yrs,Male,Diploma,Singapore,1,0,,,Fraud,,,,Offer price too good to be true,,,Absence of seller or product review,,Need more Info,Back to the question,,Legitimate,,,,,,Fraud,,,,Dubious Seller Contact Information,Seller is asking for external payment,,,Legitimate,,,,,,,,,Need more Info,Back to the question,,Legitimate,,,,,,Need more info,Back to the question,,Fraud,Offer price too good to be true,,,Seller or product review,,Need more Info,Back to the question,,Legitimate,,,,,,Fraud,,,,Seller is asking for external payment,,6,6,0,4,24-05-22 16:06,24-05-22 16:13
056e7neuwrterud1rnffe7oyrwqzq06,35 - 50 Yrs,Male,Graduate,Singapore,1,0,,,Need more Info,Back to the question,,Fraud,Offer price too good to be true,,Inadequate information for product,,,Need more Info,Back to the question,,Fraud,Offer price too good to be true,Dubious Seller Contact Information,,,,Fraud,,,,,Seller is asking for external payment,,,Fraud,,,,,,,,,Fraud,,,,,,,,,Fraud,,,,Offer price too good to be true,Dubious Seller Contact Information,,,,Fraud,,,,Offer price too good to be true,Dubious Seller Contact Information,,,,Fraud,,,,Seller is asking for external payment,,6,7,0,2,24-05-22 15:22,24-05-22 15:31
3254cvs55bjege85rq7lgae4cnlq8cl0,35 - 50 Yrs,Male,Graduate,Singapore,1,1,1,Fake iWatch ,Legitimate,,,,,,,,,Not Sure,,,,,,,,,Fraud,,,,,Seller is asking for external payment,,,Legitimate,,,,,,,,,Fraud,,,,,,,,,Legitimate,,,,,,,,,Not Sure,,,,,,,,,Fraud,,Dubious Seller Contact Information,,Seller is asking for external payment,,2,3,0,0,24-05-22 13:32,24-03-22 13:39
a5ydx72qxw4vygqm05ydx758lvrm4sce,50 & above,Female,Post Graduate,Singapore,1,0,,,Need more Info,Need more Info,Back to the question,Fraud,Offer price too good to be true,,Inadequate information for product,,,Fraud,,,,Offer price too good to be true,,,Seller or product review,,Fraud,,,,,Seller is asking for external payment,,,Need More Info,Need more Info,Back to the question,Legitimate,,,,,,Need more Info,Need more Info,Back to the question,Legitimate,,,,,,Fraud,,,,Offer price too good to be true,,,Seller or product review,,Fraud,,,,Offer price too good to be true,,,Seller or product review,,Fraud,,Dubious Seller Contact Information,,Seller is asking for external payment,,9,9,0,6,24-05-22 12:58,24-03-22 13:03
kofbliqycycgm5tf03mjofovh984ab3y,35 - 50 Yrs,Female,Post Graduate,Singapore,1,1,0,,Fraud,,,,Offer price too good to be true,,,,,Legitimate,,,,,,,,,Fraud,,,,,Seller is asking for external payment,,,Legitimate,,,,,,,,,Need more Info,Need more Info,Back to the question,Legitimate,,,,,,Fraud,,,,Offer price too good to be true,,,Seller or product review,,Fraud,,,,Offer price too good to be true,,,,,Fraud,,Dubious Seller Contact Information,,Seller is asking for external payment,,8,5,0,2,24-05-22 12:50,24-05-22 12:57
cfnlmnfsxtqncoyiqw6nl86sze35rf7d,25 - 35 Yrs,Female,Graduate,India,1,0,,,Fraud,,,,,Dubious Seller Contact Information,Inadequate information for product,,,Fraud,,,,Offer price too good to be true,,,Seller or product review,,Fraud,,,,,Seller is asking for external payment,,,Need More Info,Need more Info,Back to the question,Not Sure,,,,,,Need more Info,Need more Info,Back to the question,Not Sure,,,,,,Fraud,,,,Offer price too good to be true,,,Seller or product review,,Need more Info,Need more Info,Back to the question,Legitimate,,,,,,Fraud,,,,Seller is asking for external payment,,5,7,0,6,24-05-22 11:46,24-05-22 11:53
lol0nknau03xz644rmaml0netqpan2ws,35 - 50 Yrs,Female,Post Graduate,India,0,0,,,Need more Info,Back to the question,,Fraud,Offer price too good to be true,,,Absence of seller or product review,,Need more Info,Need more Info,Back to the question,Not Sure,,,,,,Fraud,,,,,Seller is asking for external payment,,,Need More Info,Need more Info,Back to the question,Fraud,,,,,,Fraud,,,,,,,,,Fraud,,,,Offer price too good to be true,,,,,Fraud,,,,Offer price too good to be true,,,,,Fraud,,,,Seller is asking for external payment,,6,5,0,5,24-05-22 10:40,24-05-22 10:47
gtbwd7qqpo3imvj9sbw4a4iemx4dhi4x,35 - 50 Yrs,Female,Graduate,Singapore,1,0,1,"Received expired food products, purchased it online as it was cheap. Learnt my lesson",Need more Info,Need more Info,Back to the question,Fraud,Offer price too good to be true,,Inadequate information for product,,,Need more Info,Need more Info,Back to the question,Not Sure,,,,,,More Info,Back to the question,Fraud,,,Seller is asking for external payment,,Asking for payment first when item is expensive.,Need More Info,Need more Info,Back to the question,Legitimate,,,,,,Need more Info,Need more Info,Back to the question,Legitimate,,,,,,Need more info,Need more Info,Back to the question,Fraud,Offer price too good to be true,,,Seller or product review,,Need more Info,Need more Info,Back to the question,Fraud,Offer price too good to be true,,Inadequate information for product,,,Fraud,,,,Seller is asking for external payment,,9,6,0,13,24-05-22 8:38,24-05-22 8:50
huz7ko03fd015ub27rdbbmhuz7ko785,25 - 35 Yrs,Male,Post Graduate,India,1,0,,,Fraud,,,,,,Inadequate information for product,,,Need more Info,Need more Info,Back to the question,Fraud,,,,,,Fraud,,,,,Seller is asking for external payment,,,Fraud,,,,,,,,,Fraud,,,,,,,,,Fraud,,,,,Dubious Seller Contact Information,,,,Fraud,,,,,,Inadequate information for product,,,Fraud,,,,Seller is asking for external payment,,5,5,0,2,24-05-22 8:11,24-05-22 8:21
mayah6n9w6rjn77tnanzv37zxlj0w3qs,35 - 50 Yrs,Male,Post Graduate,Singapore,1,1,0,,Fraud,,,,,Dubious Seller Contact Information,,,,Fraud,,,,Offer price too good to be true,,Inadequate information for product,,,Fraud,,,,,Seller is asking for external payment,,,Need More Info,Need more Info,Back to the question,Fraud,,,,,,Need more Info,Need more Info,Back to the question,Legitimate,,,,,,Fraud,,,,Offer price too good to be true,,,Seller or product review,,Need more Info,Need more Info,Back to the question,Fraud,Offer price too good to be true,Dubious Seller Contact Information,,,,Fraud,,,,Seller is asking for external payment,,8,5,0,6,24-05-22 7:47,24-05-22 8:00
t65pu7gtx97cc2lug1a6ms67pu7q8ou1,25 - 35 Yrs,Female,Graduate,Singapore,1,0,,,Need more Info,Need more Info,Back to the question,Fraud,,,Inadequate information for product,Absence of seller or product review,,Need more Info,Need more Info,Back to the question,Legitimate,,,,,,More Info,Back to the question,Fraud,,Dubious Seller Contact Information,Seller is asking for external payment,,,Need More Info,Need more Info,Back to the question,Fraud,,,,,,Need more Info,Need more Info,Back to the question,Fraud,,,,,,Fraud,,,,Offer price too good to be true,,,,,Not Sure,,,,,,,,,Legitimate,,,,,,2,5,0,9,24-05-22 7:49,24-05-22 7:54
ty6qkpukmausm977obgs8qiah86cqtr3,35 - 50 Yrs,Male,Graduate,Singapore,1,0,,,Need more Info,Need more Info,Back to the question,Fraud,Offer price too good to be true,,,,,Fraud,,,,Offer price too good to be true,,,,,Fraud,,,,,Seller is asking for external payment,,,Not Sure,,,,,,,,,Need more Info,Need more Info,Back to the question,Legitimate,,,,,,Fraud,,,,Offer price too good to be true,,,Seller or product review,,Fraud,,,,Offer price too good to be true,,,,,Fraud,,,,Seller is asking for external payment,,8,6,0,4,24-05-22 7:44,24-05-22 7:53
84tae06kta1kgk02v0aof146daek9hpn,35 - 50 Yrs,Female,Graduate,Singapore,1,0,,,Fraud,,,,,,Inadequate information for product,Absence of seller or product review,,Need more Info,Need more Info,Back to the question,Fraud,Offer price too good to be true,,,Seller or product review,,Fraud,,,,,Seller is asking for external payment,,,Need More Info,Need more Info,Back to the question,Not Sure,,,,,,Need more Info,Need more Info,Back to the question,Legitimate,,,,,,Need more info,Back to the question,,Fraud,Offer price too good to be true,,,Seller or product review,,Fraud,,,,Offer price too good to be true,,,,,Fraud,,,,Seller is asking for external payment,,8,8,0,7,24-05-22 7:24,24-05-22 7:33
56kgd8w752adflvyv4xjkgzjzl1ydl5,18-25 Yrs,Female,Prefer not to answer,Singapore,1,0,,,Need more Info,Back to the question,,Fraud,Offer price too good to be true,,,Absence of seller or product review,,Legitimate,,,,,,,,,Fraud,,,,Dubious Seller Contact Information,Seller is asking for external payment,,,Legitimate,,,,,,,,,Need more Info,Back to the question,,Fraud,,,,,,Fraud,,,,Offer price too good to be true,,,Seller or product review,,Need more Info,Need more Info,Back to the question,Legitimate,,,,,,Fraud,,,,Seller is asking for external payment,,5,6,0,4,24-05-22 4:13,24-05-22 6:52
lb8yvc507eiqflb4vllar7b9ffzruhtc,35 - 50 Yrs,Male,Post Graduate,Singapore,1,1,0,,Not Sure,,,,,,,,,Not Sure,,,,,,,,,Fraud,,,,,Seller is asking for external payment,,,Not Sure,,,,,,,,,Legitimate,,,,,,,,,Legitimate,,,,,,,,,Fraud,,,,Offer price too good to be true,,,,,Fraud,,,,Seller is asking for external payment,,5,2,0,0,24-05-22 6:27,24-05-22 6:32
woong15ly4vgkpcfyqrxong15ngeewfo,25 - 35 Yrs,Male,Graduate,Singapore,1,0,1,"once a victim of online shopping fraud, bought counterfiet watch",Need more Info,Back to the question,,Fraud,Offer price too good to be true,,,Absence of seller or product review,,Fraud,,,,Offer price too good to be true,,Inadequate information for product,,,Fraud,,,,Dubious Seller Contact Information,Seller is asking for external payment,,,Fraud,,,,,,,,,Need more Info,Need more Info,Back to the question,Fraud,,,,,,Fraud,,,,Offer price too good to be true,,,Seller or product review,,Need more Info,Need more Info,Back to the question,Fraud,,,Inadequate information for product,Seller or product review,,Fraud,,,,Seller is asking for external payment,,8,7,0,5,24-05-22 0:33,28-05-22 0:40
tyr81fqq2gueb3didnmvo813myaxc1pa,35 - 50 Yrs,Male,Graduate,Singapore,1,1,,,Not Sure,,,,,,,,,Fraud,,,,Offer price too good to be true,,,,,Fraud,,,,,Seller is asking for external payment,,,Not Sure,,,,,,,,,Legitimate,,,,,,,,,Legitimate,,,,,,,,,Need more Info,Need more Info,Back to the question,Legitimate,,,,,,Legitimate,,,,,,1,4,0,2,27-05-22 1:18,27-05-22 1:32
78yvcz72mahqn09zv24xl9w2ni3oaa21,35 - 50 Yrs,Male,Graduate,India,1,0,,,Fraud,,,,,Dubious Seller Contact Information,Inadequate information for product,,,Fraud,,,,,,,Seller or product review,,More Info,Back to the question,Fraud,,Dubious Seller Contact Information,Seller is asking for external payment,,,Need More Info,Need more Info,Back to the question,Not Sure,,,,,,Need more Info,Need more Info,Back to the question,Fraud,,,,,,Need more info,Need more Info,Back to the question,Fraud,Offer price too good to be true,Dubious Seller Contact Information,,,,Need more Info,Need more Info,Back to the question,Fraud,,,,,,Fraud,,,,Seller is asking for external payment,,5,6,0,9,26-05-22 2:43,26-05-22 2:57
vbtvo85o7mjt8tfkbnznqrvo87mjmvog,35 - 50 Yrs,Male,Graduate,Singapore,1,0,1,I ordered a dress and was never delievered ,Fraud,,,,,,Inadequate information for product,,,Not Sure,,,,,,,,,More Info,Back to the question,Not Sure,,,,,,Legitimate,,,,,,,,,Need more Info,Back to the question,,Legitimate,,,,,,Need more info,Need more Info,Back to the question,Fraud,,,,Seller or product review,,Need more Info,Back to the question,,Fraud,,Dubious Seller Contact Information,,,,Not Sure,,,,,,4,3,0,5,25-05-22 14:25,25-05-22 14:34
8tyosrhijgxa6ou9hkotz5r4cw902s2h,35 - 50 Yrs,Male,Post Graduate,Singapore,1,0,,,Fraud,,,,Offer price too good to be true,,,,,Fraud,,,,Offer price too good to be true,Dubious Seller Contact Information,,,,Fraud,,,,,Seller is asking for external payment,,,Fraud,,,,,,,,,Not Sure,,,,,,,,,Fraud,,,,Offer price too good to be true,,,,,Fraud,,,,Offer price too good to be true,,,,,Fraud,,,,Seller is asking for external payment,,6,6,0,0,25-05-22 4:33,25-05-22 4:42
rtezrzeijriyipjyezjl1nvec59zpi14,35 - 50 Yrs,Female,Post Graduate,Singapore,1,0,,,Fraud,,,,Offer price too good to be true,,,Absence of seller or product review,,Fraud,,,,,Dubious Seller Contact Information,,,,Fraud,,,,,Seller is asking for external payment,,,Legitimate,,,,,,,,,Fraud,,,,,,,,,Fraud,,,,Offer price too good to be true,,,,,Fraud,,,,,,,,less info,Fraud,,,,Seller is asking for external payment,,5,7,0,0,25-05-22 2:26,25-05-22 2:34
